Customer_Age,Annual_Income,Has_Credit_Card,Spending_Score,Loyalty_Status
4.991989468,16.56179036,1,8.691291139,1
2.165791856,13.8223732,0,6.979917851,1
8.726258855,12.81791648,1,7.107498011,1
0.871092895,17.21983147,1,6.424954069,1
4.873844417,18.61875149,0,6.292902899,1
6.914160575,16.54077553,0,1.401136129,0
2.617511001,15.11590611,1,4.7440981,1
6.24240737,11.58924767,1,6.017339533,1
8.293851501,10.53458713,0,6.062809562,0
1.903369751,14.4569179,1,7.543412379,1
9.172205918,10.49349564,0,2.935204701,0
5.535585327,15.69334632,1,6.214543231,1
2.992320043,13.82729191,0,2.869917992,0
4.308582754,17.5718912,1,4.57660082,1
3.121918838,13.05648497,1,4.876073986,1
7.251111599,15.92982701,0,6.725141828,1
7.963006634,15.37683522,1,6.489906777,1
8.329373923,10.04712426,1,5.240661175,1
9.857682496,10.72389398,1,0.695924958,0
7.912842925,12.90368212,1,5.889667466,0
6.013840707,18.82235081,1,4.464647046,1
3.392202984,11.47014955,1,7.783611783,0
5.445954487,17.1089433,1,7.306987089,1
0.410681728,19.73366566,0,3.123954186,1
7.448250755,17.90567553,1,6.164348478,1
4.459555451,12.42945362,1,6.203821212,0
0.200232297,19.0836526,0,6.058367159,1
0.625069415,10.93107157,1,5.799162149,0
3.874664638,14.68141942,1,6.260309173,1
5.83421519,18.87541908,0,8.002971631,1
4.64203949,16.41265709,1,3.897239334,0
6.192043173,14.13644565,1,3.188380753,1
4.802942588,12.92812867,0,6.565430271,0
6.617038455,13.75099405,0,1.233275811,1
2.191260647,15.08941781,1,6.308047721,1
1.128431872,13.1904393,1,5.953877937,1
5.964339546,19.68967862,0,0.308994953,0
4.846895169,19.33077653,1,3.727326681,1
0.26867654,18.70671468,0,8.151949051,0
3.804818855,14.21829836,0,2.085646939,1
1.061255855,16.91301769,0,5.42518323,1
5.313568318,19.02829307,1,2.9901894,0
3.957776797,18.50429488,0,3.582107392,1
6.131519111,14.14327014,0,8.832637641,1
8.056022188,11.12386049,0,5.246888692,0
2.996686838,10.75630364,1,6.033901377,0
9.621021042,15.77064045,1,4.775070847,0
5.356345006,16.42627935,1,1.969733372,1
6.182907988,18.49842605,0,2.630153586,0
6.806723732,12.9251502,1,7.356860651,0
6.667315299,11.67470491,1,5.305784297,1
5.10970743,13.79005833,0,3.459423288,0
4.287642911,13.53575124,0,4.955896397,0
0.537819642,11.32468954,1,6.323195927,1
0.220858453,16.72282653,1,5.908977695,0
3.579611945,15.08691941,0,3.4604216,1
3.336608906,17.21122756,1,1.849393442,0
3.876951548,13.5269112,0,4.185906914,0
1.383682009,13.25702212,0,7.218097272,1
7.381682705,14.72575853,1,6.70875393,0
8.569644148,18.77407345,1,5.82080653,1
9.387146354,10.40281307,1,4.658239177,0
4.923623035,18.04832817,1,3.966506476,0
7.008656991,13.68987613,0,4.695343191,1
8.555511234,18.54619026,1,6.563543329,1
4.182911111,18.02203009,1,7.020381224,0
3.094127949,13.48761247,1,4.47642647,0
9.367245559,16.93876535,0,10.07246262,0
5.156765511,11.59632757,1,5.184807552,1
4.972538866,18.96281552,1,4.3060891,1
1.784160966,14.04491064,0,7.951338877,0
1.081550146,14.55625615,0,0.92340694,0
8.421068625,17.05759051,0,5.960067389,0
6.141331762,18.20840237,0,4.854403215,1
3.25824584,12.36342743,0,7.89636864,0
1.917362174,16.6135014,1,6.209846717,1
5.554972802,13.91998044,0,5.27820434,1
5.839192893,13.68702924,0,6.325267595,0
2.069936012,16.90025824,0,2.888835376,1
8.514057479,13.87183274,0,6.933639669,1
0.842643662,13.461085,0,2.310828486,0
3.560930852,18.35888408,0,5.716994762,0
6.803844138,11.01276124,0,5.071228682,0
2.741203638,16.75892623,0,1.473890847,0
8.276751948,12.48725394,1,5.137884116,0
7.398678266,10.15498242,1,5.563973503,0
7.890228445,11.66764269,1,3.690248052,0
1.191065359,16.0666153,0,2.975156002,1
1.40547128,17.09127191,0,5.984354807,0
2.864737377,10.21057784,0,5.724630002,0
5.180771652,10.36425443,1,5.453638179,0
7.480160767,19.02542115,0,5.017683545,0
8.365308908,10.73305818,0,3.866873966,0
7.04335316,18.94182159,0,9.544362905,0
9.285968815,12.28165914,1,4.40333832,1
7.387435096,17.400178,1,3.269773273,0
3.06267887,13.09733249,0,5.10885455,1
2.650812843,18.58752026,1,4.638117907,0
6.961924503,17.00454865,0,4.356974383,1
1.928705687,14.01813459,0,8.748552181,1
0.927148108,10.76302454,1,2.740504364,1
5.322228749,17.32700184,1,5.074874138,0
8.216415698,16.16884756,1,2.87465395,0
1.013798425,10.02911718,1,3.917950457,0
7.918913238,10.09419856,0,8.4722319,0
8.115720044,18.08792973,0,5.562890111,0
4.822740001,12.59399739,1,5.53874119,0
0.5731031,16.36133668,1,3.121037544,1
1.745898512,14.5421442,0,4.150756883,1
7.074262752,18.63430015,0,8.646243043,1
7.11777945,19.16961113,0,5.998724493,0
8.983552752,19.96807713,0,4.320570297,0
5.826861466,11.53684136,1,5.881214514,1
1.241073677,18.62964046,1,5.535327726,0
1.214149055,12.66021377,1,3.321120692,0
7.211323574,15.90815875,0,4.262383503,0
1.837846651,15.05772834,0,9.509072204,1
3.283854996,10.17988132,1,5.784005167,1
4.872120069,19.3277128,1,1.861915977,0
0.247648776,10.78327055,1,6.020420296,1
2.48819027,16.88218919,0,7.606176546,1
4.078896085,17.85006836,1,3.19124364,0
2.796363185,17.95287849,0,4.086315407,0
1.363703275,11.35494519,1,7.90754191,1
7.280122578,14.47569951,1,5.069824938,1
8.131476552,18.2942887,1,4.714243554,0
2.574789761,13.0267921,0,2.32788394,0
7.744194946,14.67748675,0,7.141132617,0
3.855535644,12.72793893,0,4.623061926,1
5.066857909,14.63551418,0,0.65803413,1
8.560010749,18.87837923,0,1.85472497,0
7.499536818,14.55124231,0,3.87683877,0
8.051168513,15.55912017,1,2.854315414,0
1.368451666,14.03976283,0,3.168076493,0
0.697194258,14.60117183,1,9.689339791,1
8.934047291,10.15174199,0,6.415046027,0
3.878342696,12.8374551,1,-0.154690046,0
2.878796781,14.36581722,1,4.371356178,1
7.246962543,16.33796976,0,4.821013185,0
8.364155966,14.50051931,1,2.046132132,1
8.624896219,13.37817043,0,6.068772611,1
3.159971411,13.88098735,0,0.91722135,1
8.522123912,12.42293329,0,7.193893916,0
0.409339444,19.24494283,0,7.883059963,1
0.496614915,15.21743226,1,9.705170158,0
6.235191952,10.13409454,0,1.851341492,1
0.631063691,10.19446258,1,2.258205283,1
3.246091685,19.72961635,1,6.385344069,1
6.727559862,12.21450891,1,7.36536011,0
3.372668961,18.05608289,0,6.617905323,0
1.795997814,10.58275302,1,7.159434014,1
2.813506219,19.21162737,0,7.753654724,0
4.575753323,18.74417004,1,5.404500791,1
4.753858554,15.71093162,0,4.574900173,1
7.830002313,10.08998657,0,2.263645584,1
7.501532294,12.57810874,0,4.40378919,1
4.568178046,14.06822647,0,4.710223195,0
8.456673491,14.60064117,1,3.100630853,1
1.142371386,12.97678759,1,4.923551598,0
2.553533502,10.32947868,0,2.875242066,1
8.279764635,15.90127406,1,7.226664673,1
3.779940386,15.24154668,0,5.851648938,1
9.811815588,12.83000635,0,4.080792622,1
4.662532815,10.37975968,1,5.377681216,1
7.91935623,19.94594187,0,2.789820475,0
4.023070414,14.81986187,0,2.992614474,0
4.249535191,17.56004242,0,3.732290723,1
3.828831473,14.52314035,0,4.616143859,0
7.190756205,10.43170291,0,5.282403625,0
5.475178841,13.09600745,1,5.290312734,1
9.437781114,13.20110141,1,2.362444667,1
2.508903165,18.38352904,1,4.838542234,1
1.005627321,16.54229978,0,3.363889359,1
3.932614851,12.75429904,0,-1.817933475,0
6.167127076,19.67739955,0,11.15117106,0
8.607989369,13.21541832,0,3.402698548,0
3.461968867,19.98234026,0,3.513695692,0
6.537867511,19.96163693,0,2.307127755,1
3.50198681,11.91210518,1,2.885014091,1
6.17219583,13.12741116,0,4.62265537,1
8.84807947,14.86044198,1,7.703626648,1
2.313576423,16.64100671,0,4.611302657,0
4.042416421,15.28047449,1,4.352875382,0
9.932651964,19.69441469,0,7.400547954,1
8.685570282,17.23989164,1,3.951206939,0
5.646398579,12.12044849,1,5.042298791,0
5.166275919,11.0509755,0,3.15685987,1
2.846003823,16.88401291,0,8.370267002,0
5.172094277,11.5845244,1,7.09702048,1
8.481814983,17.8767684,0,4.694025261,0
6.851745133,13.11036667,0,4.201113436,0
2.900440282,13.26893263,0,4.936321087,1
2.014639211,10.10798392,1,4.723234843,1
2.65208537,17.01011267,0,1.906360669,1
1.697592014,11.13269753,1,7.165334903,0
0.95640696,17.72880577,1,4.54572444,1
4.191361744,14.91867822,0,8.796680752,0
1.132996044,17.84279815,1,5.843631422,1
1.719125577,15.83926539,0,-0.0421733,0
5.473246843,10.82433272,0,2.4367531,1
1.645992737,17.65652337,1,0.707889787,1
0.638797674,10.69799485,1,2.411903891,0
3.1738885,14.78701721,1,1.732796652,0
2.203190986,11.72349214,1,5.505134981,1
5.15305188,17.52335178,1,4.367829317,0
1.023670846,19.11591228,0,6.481079836,1
7.517707877,15.54126163,1,4.923800835,0
9.062335194,15.27147294,0,4.519381864,0
7.43435174,17.63963196,0,9.006413899,1
5.328270374,10.05078813,1,5.445645268,1
8.606678218,19.17758643,1,4.838976965,0
6.949183798,11.97448817,1,3.29311816,0
0.105511225,19.84118884,1,2.648172969,0
3.940901528,17.36253948,1,6.541002037,0
8.509518994,17.74251148,0,6.421391996,1
3.45858858,16.5620298,0,8.143157478,1
0.352151735,14.71663183,0,5.957823187,0
7.461796386,15.71627693,1,4.213794325,1
8.020382703,10.46402886,1,6.022020558,0
1.60593695,16.23959509,0,4.839398796,0
5.373404968,16.26098102,1,6.730770268,0
1.91955439,18.91200797,1,7.668663654,1
7.19234419,15.05656357,1,4.662887307,0
2.715504552,10.77144374,0,8.51461928,1
3.162151226,13.0619592,1,7.376694535,1
8.449708536,16.55629412,0,5.035368679,0
4.763223522,12.39258863,1,6.34148655,1
6.697544512,12.80527822,1,5.610993774,0
4.023730507,18.20469016,0,5.043987986,0
2.980068572,15.84319732,1,8.826290113,1
6.254780604,15.08527432,1,6.035208922,0
1.548575741,13.18451967,1,3.318063279,1
3.729998356,17.30928036,0,2.944060646,1
2.090370374,12.87718434,1,3.025806159,1
6.957949669,17.37063518,1,5.979009002,0
9.442088383,10.7010148,1,4.316972655,1
9.95510968,18.64541342,1,5.666587433,0
4.502768104,14.99566463,1,6.87279257,0
2.525303896,14.38508017,0,9.057427061,1
4.428293704,16.11023412,0,4.363053533,1
8.4726941,16.24192073,1,2.182898785,0
2.060056786,11.32035177,1,8.584804131,1
9.520956517,17.5623359,0,2.085798355,1
3.418657688,12.75928298,1,2.007142585,1
9.858036595,19.0496188,1,8.53290052,0
8.386088875,18.17850663,1,7.132463055,1
8.085705341,13.46266042,1,5.969680682,0
3.179046738,18.07739293,1,4.900158005,0
0.087772119,13.56390499,1,4.521591965,1
3.821329088,11.00947682,1,3.69834795,1
3.018093697,19.61888239,1,4.433913651,0
0.373969904,16.52602015,0,4.905169238,0
5.053652565,14.56099527,0,2.251100216,1
4.030313113,13.97773352,1,3.359542968,0
6.345564677,13.24705334,1,0.776163502,1
6.211863222,19.81447595,1,5.155854904,0
1.207466359,11.34747265,1,5.156202402,1
9.769655461,13.14805059,0,8.557030873,0
1.869314294,14.8549764,0,5.751109844,1
4.452740248,14.77999545,0,3.887915866,1
4.881175434,14.71366484,0,4.599289997,0
8.130627972,11.75783816,1,5.973644625,1
0.992295961,11.44932527,1,5.455225253,0
4.286442792,12.54767586,1,6.156571838,0
6.285021702,19.14526154,0,5.754089547,0
2.151556216,11.13052968,1,4.49471147,0
6.274678988,17.57425103,1,3.928413418,1
9.236648375,17.57548393,0,3.820875592,0
9.975181312,18.09770404,0,3.149457431,0
0.324510768,18.86615489,0,2.835761432,0
2.355882282,12.63036178,0,8.676927862,1
3.103071158,12.24559469,0,5.249420303,0
3.991261004,14.65505667,1,4.689397098,1
2.422571576,12.65089169,1,4.008231368,1
2.034879946,17.34309989,0,5.857758219,0
9.545538424,16.35939577,1,7.407327772,1
9.185216028,18.74987688,1,6.446528953,0
0.46992501,10.82738303,1,6.843178175,1
3.388130216,19.15083333,1,3.826942436,1
4.051485537,12.93348627,0,4.991741516,0
2.390145347,14.90694346,1,3.853243776,1
6.28872897,14.38611436,1,5.214062798,0
6.403807466,17.60311651,1,7.545182016,1
8.505042283,14.20333309,0,5.87880769,0
7.408692684,19.43553146,1,8.253428732,0
5.42573327,19.02533883,0,4.422952779,0
6.5358677,18.72161152,0,3.386077892,0
2.739887815,10.71258333,0,6.024256973,1
5.9305619,18.54258062,0,5.237716726,0
4.892272547,17.81635445,1,5.645404506,0
1.333444673,11.03512947,0,5.346440326,0
2.425442766,11.07414325,0,4.031131253,0
2.916934507,11.01163812,0,5.391472096,1
9.243095671,10.11332593,0,6.946741072,0
2.303866394,15.48634305,0,7.152215416,1
2.892439028,19.73394291,1,4.020966802,0
3.693541301,14.38684703,0,5.462011863,0
6.637427386,15.40757502,1,7.954222166,0
1.182383925,19.67969797,1,4.064218502,0
9.539452125,12.55182229,0,3.701107201,0
8.655712201,18.58470253,1,6.588805928,0
5.77216073,15.46390467,1,6.237918414,1
6.740378674,15.69476515,1,3.326047837,1
0.166604712,13.43173857,0,2.201078806,0
3.389447753,15.61584361,0,5.423112205,0
7.956602307,10.73142509,0,4.162805804,0
0.774829738,17.64643573,0,1.631847491,1
2.823138342,12.84687762,0,3.625594952,0
5.852968283,18.87608329,0,6.20521963,1
2.564130277,13.67850695,0,4.697178578,1
9.339779741,11.4282411,1,8.13220809,1
1.310586308,16.95881574,1,0.825525179,1
7.973943579,11.64578145,0,7.675984743,1
5.079486919,17.53680516,1,4.31219324,0
7.503307758,19.68112236,0,4.023157328,1
3.107153283,17.79552869,0,1.897612327,1
5.144896023,10.22449248,0,5.930163698,0
8.568353497,15.99885788,1,1.346476012,0
4.668780991,16.95410671,0,6.635807289,1
3.597198619,18.25458326,0,1.97327187,0
5.361553863,10.56002309,0,2.28858808,0
7.17362753,14.80107828,0,2.617570767,0
4.435633455,15.35370873,1,3.568100065,1
9.388769751,11.69124863,0,6.884151882,1
2.94945824,13.2244981,1,8.007913067,0
4.754636062,14.40221726,1,3.774812902,0
7.569276593,18.33209688,0,4.906873797,1
6.891210905,19.29407566,0,5.979834618,1
8.636410524,16.28422829,1,4.341375273,0
9.968091807,13.94945186,1,5.901515255,1
4.268583288,12.54031018,1,4.991841057,1
1.111508798,19.82135184,1,4.493080242,0
0.304158808,19.83019998,0,2.16036861,0
7.268769061,19.24976948,1,5.298086396,1
8.740136713,17.8566915,1,6.916751409,1
2.207125859,13.25779544,1,3.443444305,1
1.584480372,18.17000483,1,1.063458732,0
0.622050915,14.08793017,0,4.360898715,0
8.227029217,13.26773098,0,8.01954129,0
3.113819399,17.44865358,0,7.423899871,0
4.016968928,10.79653928,1,3.839075588,1
5.027501916,10.48562723,1,5.91103001,0
8.394532342,14.47953697,0,6.227091826,0
6.508332216,14.45638801,0,7.980676243,1
6.150646299,18.95644153,1,1.898835408,0
1.756721,11.26153096,0,2.862343539,1
5.131898917,11.23283927,1,0.980489278,0
7.153810172,11.474526,1,3.643181603,1
9.73260883,10.29736261,1,7.132611135,1
2.014063092,10.71731738,1,3.88056168,1
0.095433531,16.59869867,1,2.38362214,0
0.753014336,14.31584329,1,5.453272835,1
3.758524652,17.63603067,0,5.504737674,0
8.205446477,19.92597719,0,2.965901094,0
0.071420818,16.59034681,0,3.987908186,0
4.567305929,10.50455571,1,5.301153041,0
3.292306153,11.04562865,0,6.491972993,0
0.524817101,18.81004085,1,3.702255093,0
4.502362867,15.27495945,1,3.414047307,1
2.547487073,18.24837159,1,8.825109379,1
3.518848343,18.56612336,1,4.451947539,0
7.056153048,19.27674541,0,5.498868608,0
5.215509839,19.49829205,0,6.296729913,0
1.24647429,15.54825797,0,1.42622793,0
9.614145404,13.41020172,1,4.962946077,0
6.359107657,19.61864874,0,1.708567431,1
7.658684257,15.47406406,0,4.738445102,1
0.7921315,10.64252723,0,7.746247804,0
0.470583795,16.4277655,1,3.003063347,0
0.194480504,15.8768475,0,1.667161621,1
1.887940278,18.95792873,1,8.775371554,0
4.144083977,16.53187189,0,2.705885649,0
9.358261334,13.49052424,1,2.002842006,0
4.570596593,19.66225726,0,8.238063139,1
2.902551054,18.01619486,0,2.627060156,1
5.619352535,16.30417618,0,8.289828419,0
1.119345781,12.92925203,1,5.548181656,1
6.09505891,13.73540296,0,7.567914153,1
5.684319543,16.69969924,0,5.372132672,0
7.919930334,10.71980818,1,7.159404729,1
9.866876116,12.56680592,1,3.163102355,1
2.508734717,17.13900933,1,3.772794472,1
5.096564508,14.8001851,1,0.768977058,1
9.088654063,14.02393565,0,6.943562956,1
7.851898844,11.51457622,0,5.839138687,1
4.874063031,14.41849034,1,2.985350749,0
9.453716496,17.70691971,0,1.502195903,0
0.572366935,12.64012846,1,5.563626297,0
9.309986197,10.05398542,0,8.35190907,1
0.505073924,16.68504901,1,4.724078155,0
5.473047441,19.72626604,0,3.683107923,1
8.90440948,16.06826564,1,3.12585144,1
2.627209436,11.19921859,1,7.498697416,0
4.722484989,13.20733092,0,3.441504351,1
3.243288791,18.67641615,0,4.2576418,0
9.521439171,12.32568074,0,7.083469816,1
8.236455948,16.07695903,1,6.27496321,0
7.090015113,14.02671208,0,4.33418134,0
5.876269866,12.07843721,1,3.602046118,0
8.205917893,18.13406894,0,7.931156579,0
3.922670415,17.42831276,0,2.76726065,1
4.475518551,16.61591066,1,4.57942963,0
7.300017211,12.3633659,1,1.988247025,1
3.577547633,10.97857003,0,7.377734356,0
0.63900942,15.7615933,1,4.050228248,0
0.743346089,15.53677834,1,3.600748403,0
1.153628013,11.88385009,0,6.323324931,1
8.696813233,10.56246694,1,2.148969257,0
4.722264258,10.80708454,0,6.270762762,0
7.128823693,19.92770987,0,4.278914416,1
3.929093356,17.83583895,1,2.58940157,0
2.587109474,19.21987476,0,3.019474059,1
3.471921676,11.95054722,1,3.631599801,0
7.941823453,19.60568536,0,4.111912649,0
6.25216125,11.42654351,1,2.602947852,0
9.3763978,15.09081829,1,5.589031979,1
6.797047786,18.29695684,1,2.550556032,0
5.701816318,13.49803355,1,0.269755094,0
6.10196009,14.24828533,1,8.839239258,0
9.423714395,11.2818511,0,5.395855098,1
7.882009299,11.2292188,0,9.018983183,1
0.240412374,16.19568225,1,2.9126813,1
5.341396961,16.75532369,0,5.959589429,1
6.883384115,17.77332514,1,6.789217398,1
7.486984784,15.56682053,1,4.621307484,1
2.131421193,16.45759292,0,2.111100049,0
8.671773545,10.13517272,0,4.471037732,0
9.558431472,11.62170727,1,6.252793866,0
2.367153058,19.84914766,1,6.1764409,0
8.826154575,10.75993506,1,4.996742775,0
0.969787625,16.78788222,1,6.794575886,1
0.557068361,11.76082633,1,6.700172243,1
1.292238001,17.16718586,1,3.9526648,1
0.577410795,17.05990403,0,1.95916069,0
8.450122372,12.3419906,1,5.380867816,1
0.590501445,12.69634399,1,3.506724868,0
2.716641914,16.54770714,0,5.287497202,1
1.037563435,13.90086039,1,7.691059707,0
2.954220363,11.9454797,1,5.874984032,1
0.905594676,17.31679599,0,7.592511418,0
6.680032507,11.54147524,1,2.977040398,1
1.333268163,18.55643664,0,7.174911477,0
8.518459258,15.14669524,1,8.353195863,1
8.171910507,11.05700604,0,5.128644013,0
0.136616855,16.94072334,0,9.644106787,0
8.957263555,15.1916304,0,3.285137577,0
0.289443167,12.98057572,1,3.72233226,0
2.39645785,14.2253938,1,6.299871101,1
0.323891378,12.98337744,0,5.10893109,1
3.35843487,12.63025836,0,3.514185334,1
5.138665257,11.63608421,1,6.238208153,0
7.96644869,13.62767133,1,5.711083027,1
3.379815505,12.50987206,1,3.827446647,0
7.054900247,16.83434487,1,5.378103252,1
1.875044571,16.83876741,1,6.518051041,0
7.505984567,15.01840243,0,3.783082427,1
2.359966059,17.77944527,1,6.033991619,0
1.435447559,18.41339719,0,3.265913545,0
1.854088504,15.79766457,1,3.652351238,1
1.820631289,16.18935163,0,7.223174626,1
5.128628794,12.8288591,0,6.227492586,1
8.447975812,18.94869201,1,1.226324984,0
0.79605077,10.24206044,0,4.25155075,0
7.069563185,13.48602469,0,5.979393549,0
6.543464597,17.21800422,0,5.277731234,1
8.725199518,10.8008951,0,6.23640849,0
2.441475605,11.83169527,1,5.23196332,1
4.501098587,15.89285728,0,4.734804653,0
9.258273744,15.59993671,1,4.673675728,1
6.599934501,17.38928296,0,7.182358627,0
3.887684129,18.12612639,1,6.389879173,0
1.314123829,11.28579579,1,5.809487607,1
2.624850079,10.1838099,1,5.177666198,0
5.812154775,16.8963852,0,3.902362617,0
7.181679476,13.01391796,1,4.386492672,1
1.244218869,16.25983914,1,7.129342249,0
5.9959726,11.50544588,0,6.941004989,1
5.503512788,14.69040047,1,3.702855141,1
5.139554467,15.04424746,0,5.199839695,0
6.901231177,15.85077816,0,5.996934645,0
8.374495951,15.13170016,1,5.866368823,0
3.229896832,14.9569077,0,5.850965366,1
8.890121901,13.32734154,0,2.775850363,0
1.606336126,10.71180236,0,2.657031823,1
1.730238698,10.89520197,1,7.340389487,0
2.667720636,14.33778274,0,8.018050398,0
1.195308695,13.55793128,0,2.036957722,1
2.303192247,15.16134805,0,4.944479727,0
1.064117629,13.04838169,1,6.628101595,0
8.21752417,16.87910091,0,0.592442992,0
1.389689919,18.63954822,1,2.853324284,0
7.472975576,12.98863189,0,4.815605956,0
0.479138679,11.92984008,1,3.805522688,1
9.485203275,11.16180574,1,5.418287002,0
7.111600875,16.16254041,1,7.940964055,1
0.067965486,14.43855991,0,3.294404745,0
7.638565002,11.88015717,0,5.100545783,0
5.140819208,16.53136733,0,4.310407754,1
7.793651703,11.48483183,1,5.272730616,0
5.224968089,15.54300706,0,5.011600238,0
6.410248576,15.27148382,0,10.2743964,1
7.863316554,17.34227801,1,7.979154918,1
4.051080546,10.5510964,0,1.838128959,0
0.027081498,18.87872932,0,3.199730474,1
8.499464959,17.02991726,1,3.444285484,1
3.808903626,12.16125998,1,2.531449032,1
4.96042726,11.83405349,0,2.263274038,1
0.077666422,14.31660214,1,4.643267151,0
4.920920104,18.1756533,0,3.520624872,0
9.864874016,18.42949993,0,3.218412667,1
2.782676608,15.20456092,0,9.040947954,0
3.954182702,18.60810863,0,3.658244758,1
6.871899965,10.05443709,0,4.113664544,0
8.147936675,10.35174632,1,6.482912974,0
4.17391624,19.11821594,1,4.106943056,1
3.096688704,17.7533193,0,2.668652979,1
9.378258,14.50706058,1,4.484120592,0
6.771449667,17.53610131,1,9.017466846,0
1.190213045,19.55639462,0,4.037115819,0
0.689278781,17.72089524,1,3.176466528,1
4.835498508,18.42371334,1,5.840460662,0
2.20090066,17.60606581,0,4.388171025,1
2.539847534,11.68211092,0,10.47798826,1
8.776921788,18.3357411,0,3.426206097,1
0.895660243,11.9510882,0,8.46746144,0
7.153641152,18.92611328,0,7.3267791,1
2.711422534,14.58649898,0,4.237309394,0
7.603282214,16.76976752,0,4.992969411,1
7.224113845,14.97240848,1,2.940240283,0
0.073919014,10.93990929,0,3.923116941,0
5.091354129,12.90722308,1,4.223108341,1
1.393194824,19.83731854,1,5.315707062,1
8.662270306,19.60714752,0,2.174639748,0
8.715858829,13.20486898,1,5.622969341,0
4.183458075,19.96296804,1,4.708263157,1
4.443956185,18.45551195,1,5.796215602,1
3.032829394,16.10959499,0,6.094613284,0
7.16606299,10.4012462,1,4.548129112,0
3.58661363,19.0144683,1,5.976395554,1
2.677924745,15.57429279,0,4.825647677,0
4.322310595,18.68476151,1,6.486945979,1
0.914875184,18.3442912,1,5.632251633,1
7.466032046,18.33006215,1,5.362083002,1
0.125964013,16.98173861,1,4.795108048,1
6.444850615,12.91415139,1,7.591631826,0
1.828645268,13.36160258,0,5.810370459,1
2.324040462,13.08469213,1,2.357075054,1
6.356319986,10.20046,0,4.056098461,0
9.929434658,15.82568909,1,4.542830383,0
7.777174891,16.9883367,0,4.997753679,1
2.258396322,18.53865994,0,5.353414702,1
1.76024755,11.40165433,0,3.111566571,1
8.662328703,15.44183149,1,4.864004279,1
4.441839479,10.08008141,1,4.371757305,1
1.370528028,10.95093648,1,7.169488486,1
8.622114233,10.54211744,1,3.009843381,0
8.160923529,17.25478034,1,4.9652428,0
9.839063639,10.81059564,0,3.629229775,1
9.097436867,17.16452982,0,8.725991831,0
8.517903387,12.49624704,0,7.513227205,0
0.525743978,18.77712961,1,1.715284169,1
1.044153695,18.13149988,1,3.40757263,0
5.689831943,19.57830217,0,6.741846584,0
5.314792463,18.83762015,1,5.914566096,1
4.579632145,19.33329419,1,5.851863565,1
3.967893254,18.58742397,0,5.381705412,1
4.312104849,16.93381901,0,6.90239977,0
5.692979341,11.70259152,1,6.561953209,1
0.020765176,12.71707519,1,4.418887721,0
2.607087741,12.12726966,0,2.601483,1
5.182797207,16.03585788,1,1.619869478,1
7.222160987,15.03619938,0,4.79272255,1
1.741566924,18.67079997,0,1.320196672,1
5.468811738,19.52672866,0,5.501993447,0
7.144596839,14.0485989,1,4.383936924,0
4.446276579,15.06350553,0,8.887822073,1
0.270811337,19.71516357,0,5.686258545,0
4.492681585,12.76238942,1,4.941549641,1
2.964448877,17.92390775,0,1.767660561,1
9.296496077,12.25239902,1,2.475357829,0
1.246133857,16.81460115,1,6.362708285,0
6.524759555,12.53615628,1,4.373806678,1
0.527197663,18.83733389,0,10.0707515,1
4.461704378,15.61477944,0,4.83389741,1
5.539794872,11.85933641,1,5.33784456,0
2.979549313,12.24369176,1,2.366206037,1
4.550756355,14.93849196,1,6.894863131,1
1.635537945,19.61602026,0,3.148558225,1
3.041238495,17.69642164,1,6.048824164,1
6.211063249,14.88309643,1,6.623586628,1
3.018000559,13.37719145,1,5.190386518,1
8.997430784,15.49268493,0,8.513941871,0
6.284069576,17.48360833,1,3.778593857,1
4.386490184,17.83928588,0,8.351080426,1
0.387569356,13.24608798,0,2.458107963,0
4.995483352,17.21159268,1,6.598056984,0
7.647762421,16.5778878,1,4.715173037,1
2.65557598,19.59112292,1,3.583734818,0
8.067735696,19.31090291,0,1.677442503,1
2.518067661,17.89379326,0,4.478661712,0
8.23746388,17.23394689,0,4.35236984,0
0.852683416,12.7404159,1,5.345812446,1
8.661837089,18.45965256,0,6.449629953,0
4.991864509,14.27505704,1,3.383067654,1
2.965375896,12.72240543,1,8.516535362,0
2.651132504,13.84160758,1,3.922930575,1
4.320105589,18.3593549,0,6.204387958,0
9.990494981,11.48633216,0,5.180334767,1
2.203273934,14.56158741,0,4.602580573,1
1.032166489,14.92357595,1,5.080114365,1
5.850351687,10.36629698,0,3.119424964,1
4.885424664,11.9574603,0,4.224867735,0
5.241962711,18.26742429,1,2.320489493,1
6.669354176,18.30767389,1,3.901459328,0
2.671440699,12.92415084,0,4.066666146,0
9.106649954,18.74897235,1,6.690442726,1
4.356720661,17.71782939,0,4.336149613,1
1.290861951,14.17907484,1,4.103836753,0
7.422987567,17.48406344,1,5.440080333,0
6.431043526,19.61334631,0,5.361705219,0
3.157434025,14.58969718,1,3.817918657,1
6.21518724,12.38427179,1,5.788456785,1
2.198619564,19.418165,1,4.642705605,0
4.448393593,16.03744289,0,3.814673399,0
8.994125222,11.05265162,1,4.009042338,0
1.335342332,15.72682816,1,6.898701379,1
3.8669645,15.00580889,0,4.069144013,0
8.211424247,18.55588894,0,5.522250673,0
9.694908994,15.3069519,1,2.435199471,0
4.539261364,12.55232434,1,7.230609997,0
5.069996201,16.75644064,1,3.834011452,1
5.721719618,15.42575453,0,5.800578993,0
9.323481416,12.33044628,1,4.496863744,1
8.58206791,15.73627858,0,5.777668316,1
1.706011246,18.21535578,0,5.886880441,0
4.367578178,10.28570918,1,4.71067348,1
4.640004282,16.30851039,1,1.268070903,0
7.890961116,13.49585196,0,7.182030219,0
6.028928826,12.92671446,1,4.720194675,0
6.54220462,13.9258775,1,5.736012014,0
9.981999077,13.42022664,0,6.38343738,0
0.749600435,18.32239107,1,4.085651706,1
2.230098235,12.74797811,0,6.034270913,1
4.078959374,17.33153023,1,3.504795812,0
3.47782403,10.9405982,0,5.775085713,1
0.216455613,19.51396372,0,5.039405527,0
0.917776065,16.22316637,1,4.155009713,1
6.809532914,17.06718577,0,5.093984341,1
8.793244634,12.98039332,0,2.889613053,0
5.142270113,14.12096569,1,5.618079855,1
5.391910795,12.23778386,1,5.825644158,1
2.550934328,19.32536086,1,5.69128028,1
7.678763636,14.88104447,0,8.004341655,0
7.517945874,16.30448116,0,4.810052572,1
5.883656892,17.34272031,0,4.947754656,1
2.126642865,13.71106091,1,2.659461198,1
0.970182182,17.20101655,0,8.144938983,1
0.642385759,16.7599249,0,2.00371321,1
5.926960666,17.05659334,1,5.457127213,1
8.250353191,14.892299,0,3.770437853,1
8.583304318,13.82937382,1,5.124633225,1
4.636220743,12.22082188,1,2.383881456,1
7.842712993,18.24626353,1,6.78332694,0
9.468801963,16.08350047,0,3.089640803,1
2.751701125,14.44352196,0,7.332506226,1
3.979603464,19.43995907,0,3.144779096,1
9.314789926,10.47838813,1,6.950424838,1
3.382309673,18.50171945,1,3.338070247,1
9.138762903,19.97582593,1,3.770780577,0
9.810448623,18.86942111,0,4.996307823,0
6.618107286,18.10436586,0,3.304146593,0
8.168902895,13.74305993,0,3.245248431,0
7.495455642,12.31314182,0,3.327317394,1
6.995342576,17.3485052,0,5.637711169,1
3.06931073,13.04575366,1,4.999101203,1
0.570943379,11.76039682,0,5.105262456,0
3.430517325,17.86525887,1,4.350734291,0
6.669359852,13.12543652,1,6.0973998,0
1.025291982,19.14441729,0,7.100116062,0
0.11917983,18.40632645,1,6.151234128,1
1.396923726,18.4764033,0,4.582056898,1
7.157359264,17.71569726,0,2.558429833,0
9.727937017,18.80881424,1,1.045838601,1
9.830646996,18.05746892,0,4.870270299,0
4.939791491,16.02511364,0,1.013617174,0
8.69352301,12.95822719,1,4.601389333,0
7.368264558,18.88209193,1,7.805246398,0
5.01040237,18.40603623,1,2.693059899,1
5.72760533,14.72879322,1,2.427786104,1
1.372271466,10.39078686,1,6.273868459,0
9.376614606,16.38543727,1,-0.611482839,0
3.519297707,10.50596854,0,5.763616281,1
4.461492565,19.26279962,0,7.937018551,1
6.71660231,19.61631257,0,3.255030181,0
3.339024715,11.89490146,1,2.911520506,0
2.54259161,16.76389378,0,6.180046595,0
6.310493933,10.92269005,1,2.658512445,0
0.249840823,17.29516929,0,6.621637447,0
7.20725112,13.47287666,1,2.821380144,1
5.140233699,16.81050112,0,8.536804671,1
6.057537305,13.72876509,1,6.324611291,0
6.318801592,11.4556751,1,5.07608762,0
5.270501565,14.06109981,1,8.421509886,0
5.825337774,11.12673527,1,7.063087416,0
6.837882009,15.76883275,0,5.737233554,1
7.531188472,10.40951532,0,1.273560133,1
7.274523913,15.2731968,1,3.597011918,0
8.696164577,18.86368647,1,7.170819178,1
1.894434332,18.3787327,1,2.399747914,0
4.011479695,18.827817,0,3.468553453,0
9.47796066,19.22048802,1,2.955804425,1
3.965905744,11.04527888,1,5.804713653,0
1.248700769,11.28747203,0,6.927223622,1
5.254451264,15.57006806,1,6.929197837,0
1.094909726,18.93972668,1,3.294361208,0
2.028532387,19.74349457,0,5.777317045,0
9.983187566,10.46261917,1,3.200234766,0
5.413626384,13.55774084,1,4.578903001,1
2.84058389,12.12894255,0,6.040336198,0
9.947749546,17.55965849,1,7.122750673,1
9.665589186,16.40193869,0,0.701206013,1
4.407390411,11.19888031,1,5.197269383,0
2.604031088,14.83522067,1,7.814586607,1
8.383996381,16.85440522,1,5.464438859,0
7.15620717,17.79005394,1,5.165226546,1
6.86941435,10.2005271,1,3.873985697,1
8.931137413,18.90469574,0,7.761505936,0
6.894171339,15.69281383,1,3.96643181,0
2.83797943,18.11909115,1,4.799701219,1
6.938631619,18.0793803,0,4.059573643,0
3.058135113,11.8985266,0,5.216391017,0
7.592389797,11.1017212,1,7.851303998,1
6.197478545,17.21287269,0,3.187786939,1
0.77411552,11.56426919,1,5.225106529,0
5.128353624,18.49937491,0,5.782129,1
3.433009692,17.26189484,0,3.37533573,0
3.285706327,18.41825364,1,4.881968288,0
6.022563024,12.9901268,0,8.702680239,1
3.223248245,13.1659806,1,1.463021344,0
7.768937482,16.71221556,0,4.157598524,1
0.70791436,10.31445955,0,5.501119014,0
6.603882524,17.26496746,0,4.248114061,0
8.091948037,18.35783071,1,10.77249494,0
6.728316899,14.15163587,1,6.097381473,1
4.97229195,17.6487883,0,2.911261674,1
9.503070137,11.74610917,1,0.326481289,0
2.999384898,13.22260394,1,5.680551726,1
0.191678875,19.74304963,1,3.488761752,1
4.319893715,19.86328174,0,7.577797013,0
0.330119359,15.12605053,1,4.450268874,1
9.539367525,19.34269791,0,3.863296719,1
2.099180457,15.22730678,0,3.829505686,1
7.889270239,12.91588128,0,6.973018348,0
7.745720832,12.66899288,0,5.83116608,0
2.177288997,19.29505705,0,8.511913448,1
6.212265305,11.72446389,1,4.569785768,0
0.480789685,15.79632458,1,6.724558824,1
4.835745857,15.55525068,0,6.758752169,0
0.146471273,17.39621685,1,6.347626906,1
9.211438802,14.99242908,1,3.980284362,0
9.760860242,12.72285661,1,5.94681606,1
2.222827666,11.693965,1,4.80551512,0
2.081060346,16.20818804,1,4.752967458,1
7.537201766,17.18990757,1,3.388379417,0
2.533793988,15.69521279,1,0.759322518,0
8.950765592,17.38351277,0,7.496752728,0
5.739291361,11.41521202,0,5.863116739,1
3.50777623,18.82470195,0,2.313603561,1
8.326937463,15.82395508,1,6.435420921,1
4.934067004,11.26843927,1,7.536270986,0
9.116329137,14.61925204,0,6.555334893,1
9.280142367,18.44791738,1,3.216723642,0
1.654201521,18.97562193,1,3.536016215,0
0.023234061,12.64649505,0,3.90424797,0
9.839309401,17.11265825,0,6.722169612,1
9.061375361,10.99985247,0,5.957919718,0
0.554452357,10.33545871,1,10.58058324,1
8.330342639,15.60398954,1,1.718229877,1
4.578049326,16.94827579,1,4.894803327,0
2.58961605,17.95786731,0,1.144489481,1
8.787465237,13.40216238,0,6.193295809,0
1.966672324,10.0652541,1,7.133789237,0
9.472999994,14.79519237,0,7.884212234,1
2.056214877,10.15853545,0,5.377044186,0
6.136831877,10.91984511,1,1.173381258,0
2.230863345,13.26689023,0,4.899702858,0
5.45668665,14.3717205,0,5.873579788,1
6.839751299,12.79469441,0,2.989707491,1
1.902279308,15.81865267,1,4.470042673,1
5.208857827,10.55349789,1,2.445900731,0
4.690597444,11.4457971,0,3.774590941,0
0.710374214,16.95258401,1,6.824933139,1
8.183078177,11.42140854,1,6.360325894,1
3.356824006,16.39775202,1,2.209560981,1
5.745821976,10.54684621,0,3.590029705,1
5.147842349,14.07382279,1,5.11418397,1
5.132605046,11.7740947,0,5.453048637,0
1.072223942,11.09636283,0,3.674208487,1
4.234820092,15.67032784,1,5.952914907,0
4.523667592,19.28335772,0,4.929435559,0
7.336428404,10.54787048,1,-0.153259534,0
8.400188319,14.21554248,1,3.856659345,0
5.449822781,17.07535438,0,3.79954854,1
0.867829541,14.62687832,0,6.356547401,0
2.368494706,18.06495946,1,6.392118474,1
1.649340269,11.79645316,1,1.655794458,0
1.246150632,19.59594205,1,5.876943514,1
3.658992986,13.85162628,1,4.852072309,1
2.293935022,13.41569633,0,5.252848816,0
2.183031118,18.74605795,0,3.772345963,1
0.546931746,15.63867032,0,4.876340154,0
0.176700448,15.16444342,1,7.300653645,1
1.027682426,17.2697792,0,5.224371518,0
1.721974794,15.79834238,0,4.915146589,0
4.309837288,11.62515645,0,4.041593252,1
5.105202613,16.74197623,0,7.104511867,1
1.405919182,11.33468879,1,2.438424367,0
4.247833415,18.05857705,0,3.396060796,0
3.417488423,19.89736598,0,2.323577236,1
1.834236435,13.77387625,0,5.40137035,0
0.068407481,14.44755898,0,7.359495213,0
4.670178665,10.46433655,1,4.342409165,0
6.856517493,10.13733188,1,2.86118893,1
2.262773341,19.21419335,0,8.272892967,0
1.318068299,11.2862406,1,5.902566133,0
8.870427444,14.45778748,1,5.555048287,1
2.750247725,18.15354624,1,4.619618716,0
2.236126198,18.8931876,1,6.338028344,0
8.570969396,15.19397685,0,5.523711129,0
8.171070992,15.65032525,1,4.037463143,0
4.483464705,16.69683972,1,4.372394746,1
4.892388614,19.6138247,0,2.960226398,0
2.177487048,16.02669961,0,2.710869625,0
0.783016705,15.59475259,0,4.40669561,0
5.734318254,10.14534135,0,7.308429785,0
0.983449216,10.80949702,1,2.931673576,0
4.49274547,15.77171627,0,6.672740059,1
9.404971985,19.36240388,1,3.402130293,1
9.528343892,18.66691348,1,1.426793855,0
2.393322865,19.82578923,0,6.093199517,0
6.2411342,15.27834038,0,8.257536175,1
4.740762641,17.87930938,1,3.288529839,1
8.756851276,18.40400331,1,1.860258182,1
2.714308643,16.48031657,0,5.909829502,0
0.037024068,13.38749904,0,3.153651609,0
1.625612059,14.69978435,0,6.073293157,0
3.495228012,18.57917072,1,7.302959188,0
3.157211298,12.98547926,1,5.661234991,0
7.913629191,19.23743131,0,6.619536617,0
6.805606661,12.29806341,1,6.633224307,1
2.995563196,17.49516415,0,6.979893424,1
4.577438172,16.30559234,1,5.090421535,0
0.95559104,17.49599441,1,6.558152855,0
8.981464448,14.37347572,0,5.328803492,0
9.354248244,19.32641063,0,5.782640344,1
9.798035354,16.32472202,0,11.10342264,1
8.685528308,12.88295805,1,5.483201047,1
1.739608877,16.38455071,1,2.004480134,1
0.461964832,12.86815747,0,4.605161645,0
5.795967274,12.93632392,1,4.378948489,1
9.126050269,13.99598512,0,4.470412796,1
1.773513617,18.52430418,1,6.906884853,0
0.070429146,15.00297874,0,7.261182795,0
8.05496046,16.78900842,1,4.788729515,0
0.767956843,13.9196774,1,2.216251303,1
4.137060319,12.6360544,1,5.19819115,0
6.788873372,19.54640161,1,3.913222516,1
2.367975855,16.03581247,0,5.420809428,1
0.839625634,19.33951339,1,4.758076216,1
7.700212285,12.03413002,0,7.432715237,1
6.301750849,11.46894164,0,5.549616093,0
9.884904845,18.55822907,0,3.919616712,0
3.443080333,16.80917213,0,2.228935505,1
0.617623863,11.86578499,1,4.903971672,0
7.343500353,12.69359701,0,4.911125292,1
5.217334189,18.00663942,1,4.475078503,1
2.132039314,14.5386862,1,6.550647503,0
7.81728989,16.70540507,1,2.234443018,0
2.037554858,13.18352022,1,3.474911873,1
2.606616548,13.81229953,0,5.105835199,0
0.925285544,19.90712559,1,3.880983562,1
3.99432279,12.47617087,0,4.286581524,0
4.189292239,15.06456377,1,4.879497264,1
5.145617903,18.44402343,1,6.371929867,1
7.089642671,12.39223214,0,4.798852693,0
9.061009287,14.15213757,1,1.060631087,0
1.377340989,16.15091287,1,3.794405982,1
0.543480983,14.81188151,1,5.991568551,0
0.185312336,14.59502267,1,6.525347278,0
1.436213781,13.62509731,1,6.635715756,1
6.579494858,15.86646328,0,7.20235534,1
7.27477078,16.24372698,1,5.236874554,0
7.865057135,16.53289541,1,5.526329962,0
2.437082119,10.70368108,0,2.972182907,1
3.058948133,16.31034176,1,0.650849374,1
4.831346456,19.53237179,0,2.164834833,1
0.631830969,15.40986236,1,3.596324897,1
6.111415232,17.15267083,1,2.280590897,1
9.837350337,15.56732308,0,4.41414612,1
3.608063114,18.54740619,1,4.075823479,1
7.528474751,19.29583095,1,6.875654028,1
5.000339156,11.84219899,0,3.061727024,0
1.278118444,14.36860037,0,5.281163834,0
5.822374488,13.92382101,1,4.160464613,0
2.998742684,14.05215123,0,2.986842867,1
0.344032085,11.25524181,1,3.544577092,0
6.349297301,18.13615726,0,0.89748059,1
8.589323493,10.35766243,1,6.496693654,0
3.447697669,15.28226608,0,7.804522507,1
3.902955472,16.61878388,0,4.465067766,1
8.91021683,12.07469438,0,5.058124175,0
8.136088134,19.05850192,0,4.408284319,1
7.149528236,18.38549207,0,3.359817437,0
2.487970638,14.71083729,0,6.40980572,0
9.10216655,14.11148932,0,5.63813665,0
1.544157575,12.36567925,0,-0.824268759,0
6.267705194,17.29993225,0,2.930778505,0
0.288011805,11.317438,1,0.893877501,0
6.437198063,16.80237754,0,8.110828691,0
2.771443519,18.42456986,1,4.656342455,0
4.496769772,12.28471576,0,5.481403123,0
3.452645521,18.66427403,1,4.29340973,1
1.727567562,10.33323199,1,7.205393453,1
6.219807901,19.12787385,0,6.721410345,0
8.819755551,11.18362228,0,4.569041634,1
9.590842423,16.45759178,1,8.435986111,1
1.923463632,12.50082469,1,5.370636284,0
7.173727741,18.36552391,0,2.07974985,0
6.643393666,15.12300361,0,5.200037475,1
3.433777896,11.35241191,0,6.034881315,0
0.190991994,15.70991571,1,4.733550495,0
6.897912473,14.0788261,0,4.17703391,0
9.454948606,16.61447817,0,8.528722632,1
6.321201219,18.81903285,0,2.628275083,0
4.352927242,14.09389131,0,-0.52742765,1
5.251538941,12.8988068,0,8.238108062,0
1.996288077,10.14515095,1,2.547905208,0
7.505441638,15.74839038,1,4.426763923,1
7.4641983,14.02274767,0,4.24513569,0
1.455173004,13.74649219,0,7.463496981,1
8.779783825,11.82935321,1,7.869712759,1
2.691897395,14.30055345,0,2.415249092,0
9.822560609,19.84441954,1,7.713819256,0
3.82903014,12.97754154,0,7.676820632,1
1.778840587,15.99704413,1,5.038709882,1
3.517201113,17.76486881,1,6.865085111,0
4.401803287,17.49157823,0,7.065659908,0
0.69307773,13.28774287,1,4.495144298,0
5.782183812,16.10860084,0,4.684866885,0
5.976324399,18.71264685,1,6.178656094,0
7.389304553,10.15447428,0,1.742950067,1
0.291698923,14.35734357,0,4.292386667,1
5.412382144,12.24273418,0,2.599282507,1
0.529074333,13.8863229,1,7.847156406,1
7.0114422,14.15989608,0,4.268834751,0
0.557279857,17.46670965,0,5.552747446,1
9.117278483,10.93821872,0,4.563176128,0
7.020825669,15.12583903,1,4.433031829,0
5.073897651,15.64194792,0,5.421932575,0
4.415039233,14.94157604,1,3.53871267,0
1.306726304,17.31873253,1,4.603035297,0
2.909993896,13.83791256,1,4.588314006,1
8.68959105,19.44967064,0,4.1535694,0
9.044528116,14.81803443,0,5.782113815,0
0.007477084,15.7121391,1,4.106008136,0
5.941363915,18.25530823,0,8.222229965,1
7.19300609,12.75236106,0,6.257928216,0
6.187469825,10.75202029,1,2.301379891,0
0.816797649,17.07783978,1,6.101755888,0
2.177248988,14.83011856,0,3.621040605,1
2.503402674,18.96504251,1,5.271380351,0
8.317246313,19.82680049,0,3.537609119,1
4.631994363,13.99109351,1,0.611192225,1
4.868282119,14.15439016,0,4.956533014,0
9.348930466,14.07962602,0,2.131168482,1
6.370858889,13.2455411,1,5.839430777,1
8.986677016,17.81687098,0,5.349569652,0
4.565088553,17.58995762,0,3.792230912,0
1.494362585,14.78644871,1,8.651074076,0
9.299355941,10.44661216,0,2.521425065,0
4.587051157,13.09559302,0,3.751324697,1
1.816314219,12.92303047,0,2.758616835,1
3.023957403,18.11087246,1,9.082632065,0
0.508025897,10.87575573,1,7.704488283,0
4.683005915,18.05675379,1,2.155756271,0
8.531281719,16.69183652,1,3.348837917,1
9.33580456,17.32441459,1,3.416682683,0
9.326022075,14.32213188,0,3.898545964,1
1.252300256,16.79725796,0,2.914438692,1
3.820538825,16.09028945,0,3.788497926,1
0.282287597,17.68980195,1,7.009744538,1
8.55165345,14.46769834,0,8.893824672,0
3.58755762,14.72825625,1,1.911203642,0
6.311170279,16.43576223,0,2.917785753,0
7.148984381,11.08077494,1,5.427118889,1
4.298446697,14.36244448,0,1.839388721,1
3.064423366,19.71950845,0,5.478864043,0
9.622129101,10.3755232,1,6.080205574,1
9.64488225,13.16004723,0,6.4013051,1
2.89436368,13.14109819,0,6.024289053,1
4.796250967,16.33464119,1,3.929502906,0
9.728441587,11.05800359,0,4.636660877,0
0.048684077,16.28544031,0,2.640944828,0
4.126782484,10.95040241,1,5.928677309,1
1.004575497,10.94953647,1,8.206720534,0
5.091579656,17.28183357,1,5.924401798,0
0.246699545,13.24135174,1,3.609998528,0
4.068984314,19.77422948,1,6.989583705,1
2.206990748,10.37352936,0,9.73129339,1
5.333083625,14.45106664,1,5.486299543,1
9.959936491,11.13135938,1,6.108945688,1
8.005361051,13.51378967,0,6.355402188,1
8.456420916,19.98222451,0,1.791085468,0
6.352649874,18.88842512,0,4.177755655,0
0.415598483,10.48324409,0,3.972267157,1
2.06797676,15.63255844,0,6.669733298,1
9.250645564,16.47822305,1,6.436738616,0
3.661131179,12.09534624,0,4.758526515,1
1.036367265,11.45105573,1,3.852243882,1
7.024053659,19.04381135,0,1.626808081,1
2.994577239,19.68816441,1,4.969174943,1
2.688569129,19.91892857,0,3.09086377,1
9.979774556,17.89761774,1,2.842997321,0
8.58138925,16.63502069,1,6.852537528,0
4.079378184,13.45730252,1,6.64383959,1
9.802612078,11.71398312,1,4.022811684,1
6.501132234,10.78980599,1,1.861911437,0
7.420224519,16.93297469,1,3.34837684,1
0.315130431,17.84723415,1,6.986507923,0
1.216052593,18.26453652,1,5.935437234,1
6.330851265,19.13765003,1,4.056390405,0
8.990239826,18.79929564,1,5.117506354,0
6.237437261,19.99741272,0,0.850356164,1
1.340248943,12.44064011,1,0.698951226,1
1.157600462,17.63307615,1,8.954253041,0
8.441858958,15.86459512,0,6.013052437,1
1.393023387,12.61245132,1,5.003324129,0
5.202319605,19.81905322,1,4.206087632,1
0.3711332,18.97898105,0,1.476332021,1
0.806697674,11.28515668,0,6.986428255,1
6.723482676,10.26158342,1,2.726222474,0
6.891814104,16.88330762,0,6.408365291,0
3.414694066,16.04130629,1,5.264001531,1
2.156097652,19.35815624,1,4.895811072,0
8.137102708,12.34005287,1,2.395267362,1
2.171032295,10.84387948,0,2.421899991,0
5.420270697,12.59215334,1,5.779868773,1
9.682088409,10.18927641,1,5.158433649,0
1.478524379,10.35892751,0,5.094334147,0
9.408762675,19.14857806,1,5.572083185,0
1.828930531,13.52016583,1,1.12651302,0
5.67443208,14.10809001,1,7.03028768,0
3.77007712,10.18371655,1,4.288200519,0
9.649286015,12.7052178,1,7.339290044,1
2.73542029,18.04725984,1,0.98335199,1
3.996580021,16.1549096,0,6.138052011,0
9.828601179,17.53780601,1,6.119158596,1
5.364703912,14.47213741,1,2.027734653,0
5.026301156,13.09729222,0,3.721487765,1
2.577784882,14.82810093,1,2.880987208,1
7.013635603,13.23071068,1,6.726425245,1
0.143729518,18.38971097,0,5.617776966,1
0.495126297,12.97673716,0,8.197697652,0
5.993585871,16.5976364,0,5.405907869,1
3.416745738,11.36982222,0,6.464488374,1
9.533163722,16.86866494,0,7.344021483,1
9.031906907,19.13299712,0,6.108853453,0
7.137062587,16.08583155,0,4.231633594,1
8.181455811,15.5985538,1,3.859411109,0
6.673318497,19.61118268,1,4.840533145,0
1.255821027,16.27396555,1,6.59316758,1
7.655433697,12.59550433,0,3.467793876,0
2.101919687,12.92391024,1,6.304307052,1
3.234428551,17.05306643,0,5.645264637,1
8.192342121,17.35436594,1,2.493387754,1
5.365256084,13.03496232,1,6.207070518,1
8.599407142,13.45343978,1,5.283842026,1
2.130353198,19.91056509,1,3.898951578,1
6.077784386,11.0195255,0,5.254857145,1
0.837909725,14.04645028,0,3.976697953,0
6.430609935,10.62447531,1,5.495344129,0
7.625340378,18.21078362,0,4.664079261,1
5.84930894,10.92345839,0,1.940151536,1
2.662315015,16.74007356,1,4.723928756,0
0.313426689,10.56483424,0,4.114632209,1
1.19448884,16.72855038,0,6.271172709,0
6.223029791,18.43036947,0,6.759536992,0
9.344202168,13.98821527,0,3.981996476,1
2.06534404,15.22126493,1,3.421209047,1
7.350261491,14.01541738,1,1.639691904,0
8.664510632,13.00488759,0,3.371925754,0
5.208821784,18.03263401,1,4.353462451,1
6.692657958,12.72002574,1,2.321473328,1
8.150153167,17.22943424,1,6.786273185,0
2.606751577,12.06197079,0,5.524323921,0
2.968956743,12.49853796,0,4.759166572,0
0.006275166,13.36461163,1,4.966657391,1
9.630941309,15.89156377,1,5.612089907,1
9.175448946,14.54422319,0,6.266189956,1
7.645682638,17.4514481,1,6.618015274,0
0.79076021,12.135673,0,4.381738009,0
4.475028897,10.10672288,1,4.716130106,1
1.01891754,17.76557472,0,5.345940212,0
0.159202673,18.21649334,0,4.634477344,0
6.161829652,10.59480163,0,6.744634832,0
9.608294171,16.10907522,0,7.454644876,0
9.028680234,13.78206784,1,5.688146629,0
6.967548149,17.93895655,0,3.183616717,1
0.966405842,18.74414554,1,6.016802242,1
2.741640377,18.51003767,0,5.767398108,1
3.200567269,17.77204247,0,3.015915949,1
7.631500577,12.69052229,1,5.765199919,1
8.022491792,18.11889644,1,3.911618963,0
3.85106123,15.33478476,1,6.49218763,0
4.178839966,10.52756615,0,6.000541044,0
0.445090393,14.5693885,0,5.445973078,1
2.891367184,19.42157917,1,5.077093468,0
4.512851772,18.8785935,0,0.733255853,0
1.169830464,11.02264281,1,2.571449791,0
4.532674608,17.44126686,0,4.73839756,1
8.531758123,18.05792866,0,8.038767096,0
5.813210197,12.71388188,0,6.129362136,0
0.78929855,14.71608571,1,8.628092658,1
1.916713188,17.10987941,0,5.165974387,1
4.745443502,14.39041489,1,4.938298472,0
3.614871498,11.12796919,1,7.850250373,1
3.587270195,17.05882445,0,4.68157139,0
5.292674481,19.1163869,1,3.027060187,1
5.843959216,16.52484728,1,5.633508235,0
7.968615703,17.73800749,0,7.245027964,0
3.409665635,13.58362536,1,3.348104974,1
8.05466283,11.83198245,1,6.178087079,1
3.386112291,16.42773662,0,4.813526983,1
0.554329889,13.27771206,0,5.902699569,1
5.54187651,18.60073519,0,5.627067754,0
5.879023249,11.2262805,1,4.171391217,1
9.345402456,14.334637,1,4.787624278,0
7.260613261,13.967276,0,4.293544347,0
9.177726525,19.38053854,1,5.23749644,0
9.083472102,11.53134801,0,3.307805597,1
6.045741103,10.09846825,0,3.785830129,0
5.277620653,12.38085213,0,4.172079189,0
5.574409672,18.2027686,1,5.783405811,1
9.783308077,12.09321816,1,2.168932141,0
7.731676917,12.40878064,0,4.78574073,0
1.062659048,11.29898805,0,3.583582005,0
7.784284068,17.15436203,1,4.177176173,1
1.705380489,10.69174191,0,3.679661605,0
4.47350549,13.31208302,1,5.389143962,0
2.104596722,12.82498727,0,4.68577341,0
6.895830655,15.5515973,0,6.423220447,1
8.773097362,17.30416265,1,5.803462811,1
2.903618854,15.32876435,1,1.925907831,1
0.820107412,19.31025993,1,3.080001885,0
2.984930981,19.51442639,1,4.653785428,0
6.723618579,13.61465328,1,4.914129612,0
3.287601276,17.77680376,0,3.256438461,0
2.781121676,17.38801383,0,7.607948741,0
1.844351906,18.92964592,1,6.729375482,1
4.975164269,14.4794364,1,1.710518315,0
2.759488282,15.30473187,0,5.690852721,0
7.310103491,14.15774314,0,4.908406927,1
0.76622402,18.50376919,1,7.487750081,1
6.640330331,12.29702315,1,1.860232145,0
2.375600146,12.39709078,0,9.119709622,1
4.892792611,13.72605104,1,3.314108677,1
2.86089922,12.30342832,0,5.757053638,1
7.22768676,15.61006836,0,3.787286046,0
9.453070403,11.34490106,1,4.247682162,1
9.170767795,13.20186219,0,1.621164021,0
5.834262151,19.13444698,0,7.393773528,1
4.626103033,14.0922548,0,4.460705296,0
8.183005094,17.48233716,1,4.596684175,0
6.833263626,11.13462192,0,9.624963811,0
1.835641142,12.47564508,1,6.918885418,1
8.209192136,18.07345621,0,3.663277448,1
4.288843894,17.62992936,0,3.779488199,1
1.8898566,13.86155919,0,5.519602421,0
2.817973504,19.54396902,0,6.541459827,1
2.675270302,19.10643016,0,8.5048841,1
5.192069746,19.62300749,1,1.783801282,0
2.343700907,14.2791469,1,6.454038615,1
1.235664874,11.97473584,0,6.775338623,0
1.236908506,16.26658639,1,3.420986297,1
5.832761971,16.84773158,1,4.279480197,0
7.347592888,11.25441784,0,1.739336711,0
3.215330088,17.86483034,1,3.998212609,1
0.346507098,10.1806022,1,5.464188169,0
1.272248869,14.82728387,1,8.188234923,1
9.146945603,13.31016259,1,8.372730918,1
4.935436596,17.4030306,0,2.941400997,1
4.535728096,13.12760727,1,7.91571836,1
0.380491783,18.26807113,0,1.10130949,0
7.286370223,15.94953489,0,3.830140163,0
5.280680809,17.93893362,1,4.396379786,0
2.020809361,19.89340638,0,5.503578782,1
1.100737602,16.79158346,1,5.213020681,1
3.833878636,19.84950316,0,5.731397048,0
8.371619642,10.28836327,1,4.634085149,0
8.652945592,13.38139988,1,6.919177377,1
6.028463804,11.07853265,0,6.383671275,1
7.275364272,12.62304931,1,4.420874257,1
1.151557874,18.38887899,1,6.68478738,0
5.881260655,10.32323265,1,9.136870681,1
6.669657035,15.20182936,1,3.65348309,0
2.007128429,15.67128708,0,8.350673032,1
8.801547329,15.61151147,0,3.833049367,0
1.949967375,14.75297074,0,7.820651912,1
3.134773598,17.90602965,1,3.908127999,0
6.20556847,11.3354309,0,6.53132485,0
6.383500651,13.10577016,1,5.359266221,0
6.99384741,16.15726053,1,1.429483064,1
1.120117131,16.90951366,1,8.831104745,0
8.494644299,14.04148432,0,3.209096022,0
5.328471323,18.75371263,0,2.460801377,1
4.713217941,14.15493397,0,3.721122439,0
9.810976245,14.02776134,0,10.06249447,0
7.403782969,10.36207261,1,2.492572825,1
1.180060266,15.51141336,0,5.356487035,0
7.565391672,17.08680839,0,2.753675347,1
0.95248934,11.14438164,0,3.096583524,0
0.274705625,13.05432766,0,1.801154862,1
4.036258953,17.81256954,1,5.630336408,0
9.935781728,13.65919435,0,4.677560298,0
1.748839362,12.41602462,0,2.737267513,0
6.726443435,16.72200664,0,6.746406936,1
1.733960662,11.96758778,1,6.95744143,0
7.24786975,18.9565292,0,5.814437216,0
5.053536682,11.05598396,0,7.341339878,1
6.799717101,17.06549802,0,4.301979468,1
2.028731759,14.99548701,1,5.644749393,1
7.456283325,18.69929562,1,4.309700685,0
9.956190596,11.26195091,0,1.985333764,0
6.656505006,16.77894918,0,5.438492802,0
4.934799981,15.72054639,1,5.317355813,1
9.231739886,14.80090142,1,4.939611384,1
0.158518422,14.91407263,1,5.74775078,0
7.299235193,17.21976962,1,7.823804867,0
8.887465168,19.37741655,1,4.591160037,1
0.616745836,10.91251659,0,3.085662462,1
4.500641704,10.19502648,0,4.504497981,1
2.047194539,18.05704792,0,4.726319933,0
5.665181656,11.08169388,0,6.967177148,1
6.495429586,19.86696796,1,5.213326207,1
3.026231829,16.19348249,1,2.703621284,1
4.599816697,16.50866395,1,6.610915727,1
2.793394853,11.98891703,1,6.290255678,0
3.693911645,12.4031231,1,5.214204904,1
1.595399567,16.59350303,0,6.896492927,0
8.855594436,19.09726838,0,7.231214022,0
0.100104106,19.82390555,0,4.245119019,1
8.824091864,11.98030947,0,3.199677533,1
5.716788783,11.34119623,0,4.976247161,0
3.316578442,10.56401358,1,6.073223451,1
7.230571255,18.68297018,1,4.789290123,0
5.077521519,12.94714847,1,3.023152834,1
4.991086581,10.01812034,1,5.325343945,0
1.101422829,12.23818086,1,0.93299866,0
3.895160259,13.4044108,0,4.351077856,0
2.410643459,19.90986169,0,6.702331799,1
0.156959056,15.23541594,0,6.810876735,0
3.600996308,12.04713948,1,-2.519557853,0
0.898221294,13.34818345,1,4.614831791,1
2.568300377,13.30307688,1,6.19855159,1
0.925166212,10.19725746,1,2.647835855,0
1.009416256,11.35183054,0,4.25609065,0
1.990112944,16.9519646,1,7.415433512,1
9.998492445,11.20250987,0,4.031673167,0
0.021841429,12.30734277,1,8.197283338,1
6.386726361,13.50737298,0,3.517628567,1
1.41243698,17.57734945,1,7.819760343,1
9.206281367,15.82400965,1,5.06712711,0
0.936328933,16.88999985,0,3.243345426,1
9.550631871,15.67012325,0,7.826428166,0
6.109263875,16.83592425,1,2.587050093,0
0.012680769,10.02842154,0,3.408055512,1
8.940071979,19.30898144,1,5.979838815,1
5.217118014,11.10920231,1,5.161634789,1
2.626697353,14.06249096,0,5.547927513,1
7.672791775,17.7103837,1,4.263363354,0
9.266655539,14.35230718,1,2.601212977,0
4.836908231,19.46842552,0,3.695488474,1
3.155534744,14.67588948,1,7.640798563,0
7.889451239,18.74939406,1,2.326038208,1
6.817854978,18.10828113,1,8.288934867,0
8.887524838,19.80986303,1,5.631717973,0
6.925140128,19.26547781,0,3.806390188,0
2.435283389,18.98123835,0,0.995894031,1
9.316592498,17.31604341,0,1.258628832,0
1.048357472,13.66998147,1,4.2882322,0
2.679427501,11.06125419,0,4.045911868,0
5.201946077,16.88645052,0,5.235497149,0
5.657420261,19.78654081,0,8.438288669,1
0.153105866,17.26604437,1,6.075188033,0
7.805727258,19.28729369,0,4.742622435,1
3.616073184,18.04304713,0,7.433688713,1
4.06418541,11.63114675,1,5.301307853,0
8.093695444,12.49203771,1,8.199417988,0
3.792833917,13.41865602,1,3.655827413,1
0.472248765,11.68260444,1,2.704418456,1
1.764397705,15.81651333,1,0.999335447,1
9.559031724,19.75450524,1,4.789177485,0
0.704053624,17.61458833,0,2.530716953,0
3.54931201,14.23386749,0,2.502393735,1
5.031791671,10.04504481,1,7.068638833,1
4.932808273,13.13276011,1,1.555796751,1
0.03959943,15.26759288,0,5.207116945,0
5.011627315,13.24250874,1,4.833534579,0
3.83772458,11.11034923,1,5.184262297,1
9.720793355,14.42764957,0,7.768204937,0
1.59159084,12.53252817,1,3.348617393,1
3.541541968,19.09232376,1,7.769896974,0
4.194814851,11.01754529,0,1.479589888,1
3.906935371,10.49152629,0,6.301482074,0
6.658308277,10.05314169,0,7.952746758,0
2.155128575,13.28069684,0,-3.10810017,0
2.210715528,16.60386838,0,4.92921415,0
7.292109485,17.30413753,1,4.76653871,0
5.002905187,14.53261683,1,5.143697018,0
4.151556761,16.8432865,1,8.423115842,0
1.692030517,13.59914036,1,3.472738267,1
1.875272229,16.6780622,1,2.63098294,1
0.105516368,10.40595985,0,5.158245366,1
0.914262689,13.90752985,1,7.248626883,0
5.568386947,17.90849678,1,6.117269766,0
8.9187313,18.0300603,1,5.068643994,0
2.871647651,17.16148779,1,4.541537994,1
3.277472259,12.04238621,1,0.986139342,1
1.156056106,12.47205119,0,6.171725057,1
3.886309456,19.96088727,1,6.410681166,1
0.372217046,11.03378007,1,3.615332864,1
9.176006963,11.80662699,1,4.070560266,1
6.731113481,11.30026256,1,2.903541958,0
9.907488094,13.27654964,1,6.736246946,1
8.828231627,12.10175835,1,4.268267439,0
4.729905937,14.9768796,0,4.701390665,1
5.196850312,14.76020707,1,6.258528233,1
1.905760465,19.01505619,0,5.653948107,0
4.620393428,10.34739947,0,6.12656227,0
9.030278735,13.19879577,1,5.349674612,0
0.508534236,15.96657892,1,5.39423667,1
8.63556803,16.04801762,1,5.375275709,1
3.409478016,14.80126229,0,5.905831519,0
8.995127651,18.15665541,1,6.003014183,1
9.408799063,10.62722171,1,2.550584079,0
6.70864887,18.15487766,1,3.805611497,1
6.644237866,14.9475424,0,4.593283473,1
4.527543377,11.33760695,0,5.903636513,1
8.355402245,18.85701914,1,8.194846726,0
9.616127584,16.4922878,0,3.373553937,1
7.750818003,11.63545687,1,6.757303351,0
6.219367338,10.33649723,0,3.862106975,0
6.067928958,11.41109648,1,7.741033671,0
8.494699016,16.0879796,0,8.824687864,0
5.412037658,11.79296235,1,1.503972613,0
8.038598862,12.25763075,1,4.347332869,0
5.088852552,10.25139726,0,0.299510636,0
0.62444275,17.22930672,0,1.620327951,0
3.839470089,18.103644,0,1.744949519,0
4.444409577,17.96848177,0,6.24813195,1
1.41617245,11.27568151,0,5.873967289,0
1.024963292,19.03301127,1,6.602488909,1
5.354649497,16.72278829,1,6.215833037,0
0.851436366,18.97528622,0,5.970129643,1
3.029451679,14.47160505,1,5.223714103,1
7.44596976,14.36954861,1,4.738239389,1
9.644321796,17.84536519,0,7.039195464,1
7.178705806,10.93297855,1,5.024555778,1
9.926255485,15.20874037,1,6.050357963,1
6.983379713,18.36384236,0,0.339429332,0
2.937944707,18.30192563,0,2.649861838,0
6.720525405,19.56132856,1,6.960448507,0
7.021567652,16.98272594,0,3.663130133,0
3.717269846,12.07770629,1,2.209284964,0
0.177138506,10.20280315,0,6.282584663,0
7.031997848,14.79415799,0,5.002668651,1
0.217000953,15.13703866,0,4.186121657,0
6.311880781,12.40262584,0,8.018221937,1
1.636164887,11.24697447,1,7.674868216,1
5.656035277,15.86208166,0,4.624325601,1
5.039130254,17.64255674,0,6.44475061,1
0.135136423,19.93154104,1,0.522592376,1
3.62865817,17.58302617,1,7.186718066,1
6.010911674,17.93632414,1,2.826826983,0
8.486065519,16.16460878,1,2.095716129,1
8.886421138,19.85922659,0,1.429469904,1
4.8384997,16.39956385,1,1.27489622,0
7.284224873,18.60253286,0,7.160651082,0
3.164545765,19.45784646,1,6.262289419,0
3.421864058,19.29858501,0,3.468280715,0
1.944635192,13.81415344,1,6.709798073,0
5.6194811,10.78662058,0,3.810037142,0
3.145641509,11.71873703,0,5.647298883,0
0.843708964,10.59223305,1,4.035381946,1
6.850060867,11.05396935,0,4.760073742,0
7.077532076,11.84651246,0,3.183606184,1
3.599924188,13.41094317,0,3.480364742,0
0.767233995,15.43539647,0,6.088192362,0
4.262977174,17.11682059,1,6.409557934,1
4.423354581,12.10927336,0,4.17175177,0
6.686708849,16.72522404,0,1.948919511,0
3.154163913,17.04259075,1,9.94249409,0
6.825992798,15.58622337,1,5.073393316,0
8.714885418,19.0361787,1,5.624281659,0
2.374860424,11.10994814,0,2.477340403,0
9.789195561,11.77121458,0,7.430467098,0
3.863681371,14.28664824,1,7.735790526,1
2.672586851,11.26712735,0,1.583930285,0
4.215111825,15.66296144,1,4.795228745,1
0.943974759,13.98400467,0,4.639126059,1
1.257059065,12.84595795,1,9.776893633,1
4.14434047,11.69989813,0,7.887227614,1
7.624445219,13.35338238,1,2.098443172,1
9.003122396,16.07959351,0,3.543895641,1
6.648179907,15.75785211,1,3.21401197,1
1.052195552,11.63624,0,5.743352754,0
6.720197622,11.24919811,0,8.144417762,0
6.354279207,10.26676763,0,5.218348065,0
8.057639183,10.12425594,1,6.002332473,1
8.252486667,18.79810436,0,3.671382591,0
8.682030758,10.45088856,0,5.991615396,1
4.141315146,17.3122111,0,4.056164332,1
6.978643954,18.71985096,1,1.718480937,0
2.682503589,10.98057849,0,5.861741418,1
9.9933628,14.36301424,1,4.980295157,1
1.753342414,19.62302983,0,2.805604914,0
0.101144317,18.34138661,1,8.29077065,1
1.488087145,14.89704032,1,3.467092021,0
7.758722895,17.62571113,0,6.218202629,1
4.467836765,18.33377624,1,4.274903619,1
4.475002478,13.48026963,1,8.087154438,0
9.550229196,18.92152917,0,4.524824173,0
9.19634908,14.7047332,1,1.650743823,0
3.111947378,15.27807364,1,6.620004228,1
2.090581288,19.99707638,1,8.079087975,1
8.484822099,18.43302966,1,4.144777205,0
9.06019071,13.61770006,0,6.357769619,0
5.415969228,10.10345596,1,5.25886321,0
6.294237111,16.26174074,1,4.234568089,1
2.569142847,17.03913426,0,6.681520755,1
8.00802688,16.5080269,0,3.399928021,0
6.321224284,19.67862351,1,5.06499041,0
5.035135113,18.62971027,0,5.514713453,0
0.601085561,14.48831693,0,5.442178741,1
9.159349625,10.62857487,0,3.449186483,0
6.154514204,14.7605877,0,9.11921044,0
1.926910947,16.8924402,0,7.524490666,0
6.06386117,16.07709808,0,6.980825117,1
6.774633542,15.38137068,0,7.86642595,1
5.257703367,14.68818958,0,5.137523095,0
7.18101738,12.93761873,0,4.257419397,1
5.814539479,12.77346762,1,2.821928449,0
9.47769582,15.00231479,1,3.593136824,0
0.536970786,11.60603146,1,2.971953239,0
1.062457085,13.40685424,1,3.943789037,0
1.73671637,13.23979275,1,5.552951252,1
6.901710706,15.87132802,0,6.828049798,0
6.455958727,10.666823,0,6.772707016,0
8.920588602,18.2966868,1,2.65698471,1
7.328774529,15.6237838,1,6.378258638,0
5.083554876,16.70826681,0,7.287714875,1
9.918317925,17.03093904,1,4.491529743,0
2.661079562,12.91484137,0,7.395500055,0
8.331916598,14.70371567,1,6.75160052,0
4.267903722,19.56245956,0,2.470818115,0
6.487351389,17.66705238,1,9.383472373,1
7.272684705,19.69556875,0,3.568704872,0
6.337540872,17.46254345,1,6.914839896,1
1.405073031,11.7560014,1,6.842444001,1
4.429510107,10.64535884,0,2.551976197,1
5.614383779,15.77661437,0,5.357958969,0
8.490437592,13.5781328,1,6.817832621,1
4.436457488,12.7545791,1,2.530773384,1
9.187473048,18.07210996,0,5.19923232,1
4.40374223,13.66993267,0,6.985346109,0
5.487798593,13.1700097,0,7.1144812,0
7.962856829,18.49987593,1,4.205853951,1
5.830676844,18.46287336,1,8.088738432,1
9.602180724,13.56366638,0,7.611044117,0
6.603358305,18.32498701,1,5.482455928,1
5.227094541,18.5077849,1,3.682097113,1
0.235919678,14.23930535,0,2.668296356,1
4.137328976,10.6647313,1,5.755091323,0
2.992484193,10.01584644,0,7.929025142,1
7.481056679,15.23292463,0,4.705694668,1
2.082776752,13.44075493,1,3.281836313,0
2.052200873,19.97131894,1,6.64984777,1
1.895190432,17.72411,0,5.349024992,0
1.256156132,17.61275456,0,6.031809974,0
3.110070037,19.55242768,0,3.949442658,0
8.859221144,18.87724398,1,4.260297577,1
7.749284723,13.18187479,0,3.940008673,1
7.352512163,11.65987222,0,5.998338246,1
7.973368056,17.45892265,0,4.321208639,1
2.694178893,13.78273894,0,6.184848726,1
8.874416908,14.73172652,1,3.757256758,1
1.373033751,16.30397731,1,5.995003137,1
3.363457267,19.07872677,0,6.407562341,1
5.86748119,14.19087754,1,5.663085899,0
1.029050883,17.8331689,1,6.834086894,1
7.301301878,12.68339791,1,4.037087016,1
3.872460482,16.97971791,0,6.385284266,0
7.844056656,10.01579421,1,5.466690626,1
4.928962856,18.71507213,1,3.380532306,0
1.808745244,10.3037958,0,1.185935957,1
7.347618114,17.12753755,0,1.613679743,1
2.521439558,10.46258189,1,0.583276994,0
4.908103013,12.66245699,1,5.852258555,0
0.755332692,14.97202404,0,4.350461957,1
6.178666544,14.19938685,0,5.174424678,0
6.658577662,11.91836115,0,4.639196833,1
3.7867421,13.33814912,0,6.163340146,1
9.544227803,17.2770637,1,6.221824801,1
8.741689215,16.69257093,0,5.085801667,1
7.079409157,10.71814584,1,5.206840893,1
7.136520745,17.47315826,1,5.286729377,1
2.524017149,10.53045881,1,7.783565904,0
6.568152311,15.42926389,0,0.990802902,0
1.982062652,12.60062748,0,3.65895821,0
1.440032239,15.87690128,1,6.730522587,1
9.994678942,12.61328396,1,7.215804997,0
6.223759315,19.8495797,1,5.854400167,1
4.309878727,13.09728184,1,4.631745983,0
2.881645229,12.41960636,1,8.723119415,1
6.039204437,12.78465291,0,5.3556235,1
0.495935082,18.96472857,0,5.06157198,1
0.946809905,16.36218829,0,7.663570626,1
0.328566977,17.30684097,1,5.951102269,1
4.991698333,19.1801051,1,6.879660444,0
6.006066292,19.11872485,0,7.113944667,1
0.624797614,17.38945847,0,4.255056755,0
7.212244675,11.97824429,1,8.535463625,1
2.303950715,18.43373321,0,0.075759778,1
6.852014538,12.03776034,0,1.040686184,1
9.8189714,17.42898814,0,3.639570755,0
6.911058701,16.85603067,1,4.153278887,1
8.831930529,17.5888885,1,5.725249383,0
9.481985067,15.32685681,0,3.621110925,1
4.867510484,16.38726182,1,4.97616322,0
7.023249794,19.5332008,0,4.589714655,0
8.519692536,11.01088594,0,9.008930128,0
3.566089129,13.08847275,1,3.390048681,1
2.613973166,16.11357013,1,1.633910887,1
9.465985728,19.6405413,1,7.238000465,0
7.263035004,10.95574448,0,3.572086867,1
2.196821334,10.22549222,0,4.816673418,1
4.490833927,10.55749598,0,3.7076491,1
7.964517695,10.52405686,1,6.474352196,0
5.470629909,19.07815858,0,2.251450889,0
6.499520982,17.21257908,0,-0.598383694,1
7.53768202,16.77106366,0,7.591432577,0
6.220091888,15.2257282,0,5.494941622,1
5.400793219,17.81952617,1,7.145288834,1
7.496142844,11.55647993,1,7.524423946,0
7.275630354,13.9194119,1,3.167067572,0
6.298724002,14.90004251,0,5.121329996,1
3.597894134,11.10409498,0,6.010776958,1
4.058120922,14.19513709,0,4.783415856,1
9.704385489,13.16501779,1,4.375697565,0
1.123859323,10.35582146,1,4.572697626,0
2.685049173,11.36735403,1,7.167085743,1
4.924017592,17.64036823,1,4.48197561,1
8.367296861,10.1803791,1,6.200458935,0
1.636756637,19.34253299,0,5.693785607,1
2.769546181,10.86424632,1,3.07163399,0
0.657982178,17.99238094,1,5.603938979,0
7.059852661,18.98616541,1,1.922657854,1
2.382094355,19.41135585,0,5.802866474,1
3.886747507,18.67477023,1,6.782234373,0
4.43701447,12.87550039,1,7.242828058,1
8.913139356,13.33087131,1,3.094619719,0
4.113302903,14.26545699,0,3.927691857,0
1.452250199,11.39296689,0,5.568130414,0
5.243149383,10.22272455,1,4.048150377,1
9.629579946,18.69121614,1,1.142246034,1
6.076856411,15.54128716,1,3.916607052,1
9.833872205,16.08722942,1,5.560403276,0
8.411073089,19.26988475,0,7.135056629,0
0.359657562,16.65120178,1,8.37841699,0
6.583995954,16.90853504,0,5.249895669,0
2.867668776,17.86968648,1,6.132988973,1
5.596168556,11.1634845,0,6.921567983,1
2.793451909,13.60162153,0,0.898881019,1
3.488704166,19.68207928,1,2.961567817,0
9.231687118,19.22930078,0,5.205124407,0
2.066431849,18.84075296,1,8.111889736,1
8.74109118,14.5208851,0,6.259521464,0
0.304578081,18.57192954,0,5.659399209,1
0.908765384,10.48395882,1,4.543775923,0
8.546750414,11.48517424,1,5.853588261,0
6.305560309,14.13967698,0,3.807118797,0
7.47236138,14.83392067,0,3.440341441,0
2.094176708,12.63507154,1,3.614126003,0
5.370834556,13.56476671,1,7.680963022,1
7.372192236,11.62776101,1,3.319495858,1
6.27314137,14.89134032,0,4.202445824,1
4.716987669,17.93843293,1,5.942022464,0
9.597837864,16.61360394,1,3.239630295,1
6.761573335,11.07792247,0,5.452327825,1
9.077508002,14.87581603,1,5.451608387,0
7.297705116,16.97646383,1,3.751091782,0
7.354635286,15.29895297,1,4.482439559,1
0.800182698,13.91675597,1,3.11284742,1
3.594646219,16.21914421,0,7.765532007,1
8.583694067,19.68638665,1,5.515187721,1
2.326038621,10.9490791,1,2.902713842,1
1.155058662,13.90016061,1,5.252636166,0
3.261060566,14.06605853,1,5.343188324,1
2.204378849,15.7696731,1,0.513520313,1
9.252881948,11.52174602,1,7.680888089,1
8.67966642,11.7664303,0,3.020783775,1
4.996832303,12.85361386,0,9.180429374,1
0.613438745,19.55870043,0,6.590581522,1
7.145623461,17.34108581,1,2.74634052,0
6.234117313,16.61693302,1,4.371498758,0
9.705546707,18.16957687,1,6.845236321,0
5.589532403,11.27576469,0,4.524494524,1
3.363937234,18.5933282,1,7.356474669,1
5.190216936,15.94832714,0,4.247862384,0
9.792632914,13.35329007,1,4.842669534,1
6.963624325,18.15855256,1,6.90030006,1
6.719761379,18.02564534,0,6.206781986,1
2.406815897,18.45708582,0,3.149545125,0
7.436025176,11.155179,0,5.868103273,0
7.502718295,19.69361245,0,5.334896221,0
3.172889838,19.59626154,0,3.176533145,1
4.837138324,13.57469646,0,2.219046013,0
2.946033329,10.65894018,1,1.13723267,0
2.587050703,11.67055669,0,4.41115183,0
0.258960702,19.92830825,1,4.891986795,1
2.852117447,15.63012943,1,6.009156112,0
5.539699499,13.56621799,1,6.640957239,0
0.016011875,12.88202694,1,4.172282314,1
2.832190838,12.56991735,1,4.833857306,0
8.814103323,16.64152765,0,3.482555358,1
5.936485851,14.19387832,0,5.174476842,1
6.078628241,19.65410699,0,6.937017363,0
4.03364305,16.83843031,1,5.202285683,0
6.764721435,17.92044591,0,7.3266508,0
1.899327662,12.92741549,1,6.903563321,1
8.187468104,10.79186409,1,7.915395671,0
1.166891199,14.87822837,1,5.258464864,0
6.560013547,13.14581547,1,3.93513965,0
3.411493258,12.02083165,0,6.242467046,1
7.475129706,19.52642131,0,4.254194006,1
5.497645513,14.43988214,0,6.179703279,1
4.523530385,11.74708592,0,3.674393386,0
1.694224021,11.98650653,0,3.343188296,0
6.368214643,12.80709742,1,7.432891967,1
9.747698434,19.99316268,0,2.974851138,0
8.256034249,12.68011501,1,7.044495558,0
0.600081926,13.28801805,1,6.17206194,1
3.762293784,16.59328128,1,5.188595135,1
9.255830092,12.93961376,0,1.214710295,1
5.030437476,12.15804251,1,7.971318244,0
6.621118258,11.58637187,1,3.130320663,0
9.125993456,13.12682665,0,6.906307244,0
8.737946904,11.0591569,1,3.618118397,1
5.018203755,10.18646586,1,3.457673575,1
4.376463027,18.04641697,1,6.337232224,0
3.396926185,11.37894942,0,6.076930074,1
7.190194432,17.7597685,1,2.709804906,1
2.869867995,17.97542479,1,7.873518241,0
2.498876064,15.37919526,0,4.587908669,1
3.562498946,13.09681958,0,5.137857334,0
1.772150569,11.45032734,1,4.405844752,1
6.951198159,17.36805107,0,2.794472178,0
6.162406493,16.01386986,0,6.470448923,1
4.828785341,16.55453456,0,5.57910139,0
3.903257793,10.0866909,0,3.389830311,1
9.090625429,19.27517016,0,6.88826666,1
0.29123785,10.66290187,0,5.109673883,1
7.691077435,13.66805885,0,5.152754033,1
9.019095717,14.0271165,1,8.553037382,1
4.463545794,10.01355524,0,1.784000417,0
5.506904915,14.97089309,0,1.757592181,0
9.444636879,17.52808995,0,2.207989868,0
2.122775153,18.23268653,1,5.727266466,1
5.201348478,18.79396993,0,4.281912834,0
4.747211271,14.87718868,0,4.440907095,1
2.583926479,16.30636191,1,3.115167177,1
8.185932304,10.79519713,0,8.330502548,0
8.996005948,14.88038224,1,9.00203594,0
7.819325798,11.54815755,1,6.797809126,1
1.953589608,13.69643118,0,1.985428654,1
0.867486355,13.29305313,1,4.026206285,0
6.054444853,14.23540577,0,6.654922269,0
0.570947605,15.71636618,0,4.908341304,1
6.728258886,19.02876647,1,6.804440891,1
5.304242203,13.94484631,1,7.495630745,0
6.627857327,19.81131196,0,8.814391453,1
5.901707736,17.59028048,0,3.690269683,1
4.227025695,15.11481047,1,5.162569894,0
2.008771801,16.44026437,0,4.118473376,0
3.057021358,11.02224171,0,0.99843552,1
5.245005742,18.44521531,0,6.403175462,1
6.518680936,15.82357455,1,6.126883603,0
7.794830169,19.8606748,0,3.906347694,1
7.671707184,16.36428744,0,1.803889016,0
9.726887433,18.34111583,0,4.231753482,1
2.858414487,17.99762743,1,6.46225331,0
0.711107082,13.45461151,1,7.67466576,1
3.456569355,12.59610625,1,3.574842674,1
7.432944752,14.30493583,0,7.215392705,1
4.38111651,14.67241344,1,6.244941832,0
8.177884306,12.40084702,0,5.826468162,0
5.493263652,18.94597873,1,2.412895709,0
9.297917226,15.42547862,0,2.499809047,1
9.47863442,19.78444392,1,3.338428074,1
0.69304506,18.10017778,0,4.347224964,0
4.564134397,15.5570486,0,8.601492138,0
6.096890612,19.47040278,1,3.675529799,1
2.558725408,15.04874815,0,6.542502829,1
4.070767794,18.87106513,1,4.070473524,1
6.776815411,13.58144781,1,5.945414626,1
2.267342269,13.78642383,0,4.874037668,0
6.01981353,14.18130683,0,5.354046258,0
6.974478282,15.46625646,1,5.739229592,1
0.904963111,15.5349027,1,4.501085389,1
4.97529316,14.96398922,1,5.748928081,1
2.630800299,13.06000974,0,7.467831657,0
7.24386356,19.27206465,1,3.491769169,0
1.895555085,15.88586097,0,7.371731646,1
8.922379155,14.07739216,0,4.469593989,1
4.309413365,16.51176961,1,4.258015399,1
1.980030303,17.67966758,1,6.399118723,1
4.380217964,19.60728088,0,4.317681634,1
4.087437628,14.99549162,0,5.638338501,1
4.289189595,11.1209851,0,5.451495815,0
5.855612935,14.40765801,0,0.833025629,0
5.211737249,14.78970561,1,5.835170164,0
1.497771317,18.96994078,0,2.117796597,1
0.655790726,13.94800768,1,2.27023685,1
7.294154487,19.53324265,1,5.732927491,1
5.597174359,14.85131908,1,6.073179535,0
3.590007681,19.73780501,0,7.410098914,1
8.083578225,10.08198321,0,2.821264825,0
3.880584743,18.98815375,1,3.517441991,1
7.959650896,19.31120452,1,5.928731588,1
3.057561275,19.61020936,1,7.448554919,1
0.728452975,10.13076534,1,5.384349584,0
9.326396938,11.71700837,0,3.244002102,0
3.945511293,16.53764503,1,8.012834047,0
7.926925728,10.25472692,0,4.47526694,1
2.791441332,10.63608996,0,4.537598749,0
6.463651121,12.21078874,0,2.128305222,1
8.733108733,15.12439769,0,6.44817535,1
0.416440223,15.45902559,1,6.705211179,0
8.306357647,10.34261123,0,3.588337973,0
5.71333005,11.70367251,1,8.502414118,1
6.074717539,14.99705673,0,3.825743226,1
5.231580008,15.93940621,1,6.250508958,1
8.744751033,11.48401696,1,5.447298411,1
0.434333572,13.98841412,1,0.94888761,0
2.610283915,19.04401437,1,6.087806967,0
8.757625389,19.98899287,1,5.908249292,0
7.523457025,19.87214455,0,1.467234672,1
0.176451602,18.8167451,1,8.050666547,1
5.170062832,13.94660088,0,5.91637686,1
5.295726807,16.86574292,1,7.478802267,0
4.008821351,14.16592228,0,1.567785574,1
2.973933321,16.48527027,0,4.179135407,1
6.817248504,13.09432471,0,7.361205012,0
2.077904647,16.06202254,1,1.863417288,0
7.989485621,15.23758497,0,4.23777969,1
8.030371608,10.24480266,1,5.813003145,0
4.152614376,17.90702904,1,1.21083934,1
2.835480109,10.11897832,0,2.357220487,0
2.838781816,12.93155942,0,7.76416847,1
4.82291324,10.05924065,1,5.119589213,0
7.195792247,13.76201413,1,7.353400187,0
3.58868691,10.63160528,1,5.364191192,0
6.100433455,19.13510967,1,9.911792874,0
3.824844606,14.15679295,1,5.877464566,1
3.045231892,14.59495775,1,7.539557881,1
0.248595159,13.49850236,0,4.507827127,0
0.039141057,16.27506154,1,5.421459217,1
2.272076778,17.84408117,1,6.283741555,0
4.064062868,16.48146743,0,6.615612917,0
8.512611674,17.48207118,0,4.922018127,1
7.984842429,19.05973664,0,5.005488779,1
2.671652626,18.63546532,1,6.003839516,1
2.44540443,16.74058453,0,6.002526244,1
2.273220711,12.14637963,0,2.949883205,1
3.392373405,16.37702851,1,5.449922303,1
4.981987196,15.06083096,1,5.641547853,1
4.38667772,17.17219231,1,3.047363685,0
2.182731988,18.32931648,1,6.811853666,1
1.304514099,17.42721497,0,5.825489246,0
0.125778125,18.4656117,1,9.661298627,1
1.539632387,10.63866373,0,4.947972975,1
7.053563702,10.31620038,1,7.272222168,0
2.436385693,12.58500568,0,6.078251143,0
4.686018101,19.00666084,1,8.842879053,0
5.913011489,18.23659251,1,3.060038485,0
8.868409028,16.82727298,1,4.00937199,1
8.888550984,17.00758667,0,3.128585097,1
7.457337337,17.26670469,0,4.84416479,0
0.35156992,19.426027,0,2.750551384,0
5.750704191,18.32191152,1,1.947832185,1
7.865834708,16.23390387,0,0.733152994,1
0.172880448,16.65715435,1,0.605060782,0
5.496846137,12.13740262,1,6.312783381,1
8.577641458,16.57318825,1,4.089123501,1
4.741020758,14.24679012,0,2.532495878,0
0.041062029,11.52961871,1,3.681840737,0
0.110133583,18.06402819,0,3.944194106,0
4.166360374,15.102471,1,3.07079958,0
1.550086674,19.77425042,1,8.211100988,1
6.644506571,12.81679354,1,7.833657806,0
7.087992649,14.80670112,0,8.176979697,1
1.778797955,14.47995455,0,5.358392775,1
8.885332885,11.20779522,1,5.560928974,1
4.41907845,14.26115279,0,3.694771885,1
1.428459076,12.87553456,0,3.305857788,0
7.642515981,11.60320471,1,5.043451164,1
7.899745,12.82155584,1,6.30471205,0
6.392954727,12.33251691,0,7.391536304,1
8.534655532,17.34073531,1,3.908021714,0
7.37372972,10.30775178,1,2.494532302,1
8.822057372,16.17462748,0,6.467969973,1
4.338880485,17.60661342,0,1.363712897,0
7.475971281,14.80723456,1,4.921578862,0
9.997515634,19.3156498,0,5.178609252,0
7.249311975,17.07880695,0,4.242424398,0
1.141837802,17.47923651,1,1.909509783,1
5.183187224,11.96933487,1,4.268777982,1
5.873477912,17.77295576,1,8.285084902,1
1.742106751,18.32094736,1,6.183443203,1
9.628916342,13.61266388,0,7.323429204,1
1.755797776,12.13363068,0,2.565596346,0
1.775579197,13.85050679,1,5.511415865,0
9.15167138,17.39607969,1,5.176680703,1
4.652054331,14.17639006,1,5.215410903,0
0.631882793,17.36651875,1,6.111691865,1
5.981874999,11.13564541,0,5.294645002,1
6.018263486,18.0601171,0,2.621081853,0
0.645007587,12.53207482,1,6.226508098,1
9.725224956,12.48928988,1,6.681768559,0
5.440299653,15.90380965,0,7.638957941,1
5.597957222,10.70118046,0,7.727305688,0
5.201154145,10.26297727,0,5.952866134,1
6.107317796,12.61028665,0,2.714325784,1
2.642997528,15.38067551,1,1.941232332,0
2.87241348,19.07616386,0,4.545812787,1
5.113390898,18.46435176,0,6.838941949,1
8.066858548,14.9044646,0,6.710070136,0
0.498645765,10.37051994,1,5.547998525,0
6.034042122,15.35252735,1,4.926881522,0
8.067781425,17.047956,0,8.807470448,1
1.56917272,13.39164533,0,6.148063752,0
0.15022542,11.11063303,1,4.825453846,0
3.127132951,12.78567953,1,3.709117953,0
5.881437067,17.71588864,0,2.982789365,1
1.382831734,13.51243832,1,2.785871971,0
4.26122371,18.11981491,0,2.983013154,1
5.523214974,13.19521452,1,5.561904227,1
5.988830948,11.63555038,0,4.963860679,0
2.74411721,14.3584836,0,4.348170475,1
4.00029636,14.52274512,1,6.47295587,1
7.783392291,10.16108219,0,8.618349868,1
9.412146941,11.17045073,1,3.353306127,1
8.618803311,11.84926019,1,3.651427914,1
5.642835017,11.13587317,1,0.565895217,0
4.102928029,13.41526075,0,4.947338329,0
3.329566144,19.64622856,0,4.744758863,0
1.249565661,15.09222538,0,6.78558049,1
1.065512472,16.27556024,1,4.826374552,0
6.883576249,13.56386479,0,3.823781404,1
2.597944162,13.23487762,0,5.385371485,1
2.546616864,10.23146772,0,6.114136718,1
9.981950545,15.00333656,0,1.764541882,1
1.879259579,14.83609007,1,7.013781981,0
1.480597595,11.57830726,0,7.612605573,1
0.986852278,17.64324,1,6.094910282,0
5.798053452,14.9267433,1,3.130889879,0
6.27863826,13.3899397,1,4.347946923,1
3.652279263,11.46908909,1,7.365748991,0
5.354133355,15.52160827,0,3.043558293,0
7.883995309,17.52817026,0,6.257287416,0
8.181041683,12.81999353,0,4.898455981,1
9.579120757,12.18794352,1,5.320386499,1
8.242679859,15.21934964,0,3.328457045,1
5.648414367,11.55343303,1,5.66132857,0
1.796569658,16.66613387,0,5.518151474,0
0.997635577,16.05343628,0,1.981282819,1
0.545118899,10.8708205,0,4.991112211,1
6.665258318,10.36520379,1,6.227794314,0
8.075362554,16.20288653,0,4.229433499,1
5.086839507,12.94293774,1,0.104538898,1
0.547141748,10.86445753,1,4.77036655,0
5.354705746,17.59428705,1,7.932935866,0
9.357492615,13.14044003,0,4.311061021,1
5.976131909,14.5959955,0,7.857302166,1
8.094274885,12.36812927,1,3.375284887,1
8.001526484,16.27317078,1,2.678058709,1
9.321290998,13.01488415,1,4.989794724,0
7.702287656,19.68020961,1,3.354843265,1
7.47700514,17.02947549,1,5.659715476,1
2.34102665,11.36722276,0,4.254858291,0
0.599251553,14.1669484,0,7.947834091,0
5.175994651,13.854211,0,4.116665058,0
1.244342079,15.34247111,1,5.17947392,0
9.621958763,18.41930674,1,6.192671457,0
2.899247626,15.83422015,0,6.912632079,0
8.529442034,10.61556678,0,7.959285392,0
3.876246252,16.55415697,1,4.530273465,1
3.231942499,10.08265298,1,4.201383802,1
9.351585724,17.79960461,1,1.172166602,0
3.633225721,16.66636072,0,9.083422983,1
3.902879087,13.08785658,1,5.721928194,1
1.060917796,12.92441805,1,6.503616132,0
6.704466653,17.98272997,1,6.11145775,0
2.888394145,17.83336692,0,5.099069766,0
5.856041678,13.52302354,1,5.700705161,0
5.913517041,12.98947728,0,3.880675102,0
7.191996956,15.59824789,1,4.395802699,1
7.452414862,10.0836566,1,3.099588399,1
5.144524344,10.82667038,0,8.114487927,0
3.309919476,11.2616959,1,6.12296202,0
8.374508948,11.85411818,0,8.952345161,1
3.098656494,15.12018127,1,9.592766492,1
5.075090945,19.92241915,0,2.191687521,1
4.012525832,16.52613402,1,6.970456746,0
8.55078386,10.61298794,0,2.284072646,0
4.319185311,15.25579374,0,5.354834977,1
3.860991888,14.96645212,1,5.62945894,0
6.898236929,11.44167816,0,2.425667702,1
6.024411099,19.20272369,1,3.524963329,0
1.072468335,14.40765248,0,5.720702952,0
5.081688063,19.94559141,1,5.352601398,1
7.354783883,14.20072295,1,2.963256874,1
9.920747646,16.07957703,1,3.603937808,0
6.29146834,11.04762536,1,2.017119423,1
3.702930664,14.54227824,0,2.594152908,0
2.261515998,12.38765894,1,4.257159177,1
8.728302342,18.35564799,1,6.974906225,1
8.145652121,17.83919585,1,7.228466149,0
2.339228208,18.2418,1,8.666873391,0
2.006320901,17.23609438,1,5.84852837,0
7.151367768,18.32683224,0,5.376566135,1
3.149520619,12.0082875,1,5.990292682,1
3.063987984,14.52043777,0,5.971112034,0
1.522902471,16.9184688,0,1.766972799,1
2.639755197,16.37392498,1,8.777746775,0
4.275075576,17.16354483,1,1.138122036,0
7.328383373,12.24258383,0,7.297524793,0
3.363080944,10.98434709,0,5.112773957,0
3.286043395,19.16806578,0,2.821005616,0
2.849132526,15.60171896,1,6.06274886,1
4.782836675,11.53825925,0,4.76372279,1
1.806366979,17.93436582,0,3.634924008,0
4.85630734,19.14929937,1,2.237044672,1
7.041755562,11.69563519,0,2.068985742,0
0.29790504,18.17412455,1,3.778177401,1
0.097793803,19.33225061,0,4.226023765,1
0.751229102,19.383616,1,2.578914934,0
5.356600617,19.14156462,0,5.076960295,1
8.544550832,15.46421012,1,2.863727596,0
0.04884466,13.56211317,1,5.72044144,1
9.366613046,10.07272808,0,7.462758643,0
1.062785116,10.60912227,1,5.578748632,0
8.419835281,14.28839015,0,4.812330418,0
4.82854765,13.99326146,1,3.930205924,0
6.593573873,11.8471391,1,7.892197237,0
5.106829844,13.95480028,1,4.612968565,0
4.770482252,11.74650065,1,9.980447554,1
8.348994284,18.48791253,1,2.63392831,0
7.558863796,12.98194878,1,5.579814565,1
4.834022365,15.9856435,1,7.82544722,0
1.116359294,15.02843062,0,3.619727336,1
1.154029593,10.51882078,0,4.5277513,0
8.015394607,19.42233719,1,6.252293016,0
5.293906213,15.27225978,1,5.775780493,1
4.815891402,13.25057643,1,6.119398128,0
6.805668414,11.5812657,0,7.320516949,0
8.588415834,13.38526635,1,4.306491772,0
6.288731444,10.20511603,0,7.874051796,0
7.628479023,13.63558155,1,1.559970101,1
7.652705241,15.31485927,1,7.154875091,0
3.562614488,18.71866246,1,7.294411375,1
2.740831956,16.87374418,1,3.451059248,0
8.011640672,11.11582313,1,2.098727648,0
3.771787918,11.47746324,0,4.535665191,0
9.033360065,14.28123368,1,5.807606262,0
0.696906967,11.95707752,0,4.329801977,1
0.582175121,10.27849778,0,6.003884376,0
9.270041601,18.0501488,1,8.875487527,0
6.484549142,10.19522571,1,2.270576121,0
3.795993564,18.30689605,1,1.091789794,1
7.550604148,11.44103963,0,4.861404693,1
6.7232681,19.74678411,0,3.639662847,1
5.312010468,16.03873912,0,4.039370163,1
0.988733427,17.34982972,1,7.533826299,0
8.121795873,11.10483628,0,4.75876735,0
8.660231907,18.62104073,0,4.942009158,1
1.721686886,18.39192343,0,4.126404912,0
8.50511652,16.52992732,1,4.922397663,0
8.77847311,15.02274865,0,5.537002925,1
5.494286123,17.21489173,0,10.5691764,0
